,1,2,3,4,5,6
0,0,0,3,0,0,0
1,1,2,3,13,30,0
2,0,0,0,0,0,5
3,1,1,0,0,0,0
4,1,6,4,7,3,2
5,1,1,2,0,36,63
6,0,0,1,0,0,14
7,2,0,0,1,0,1
8,2,2,0,12,0,16
9,1,1,0,0,0,0
10,3,3,0,1,0,2
11,0,6,6,47,33,0
12,0,0,3,0,0,0
13,2,1,0,0,0,0
14,1,3,5,17,36,0
15,1,3,4,0,8,21
16,2,0,0,35,0,35
17,0,2,2,2,4,1
18,0,0,4,0,11,11
19,0,0,0,0,0,0
20,0,0,2,0,9,6
21,2,5,9,14,14,0
22,1,3,5,3,13,20
23,0,0,1,0,0,0
24,0,5,5,4,6,5
25,2,0,2,2,3,2
26,1,1,2,0,0,0
27,2,4,3,20,6,13
28,1,2,3,0,0,0
29,1,1,1,2,13,9
30,0,2,2,1,1,0
31,1,3,2,7,4,9
32,1,2,4,6,5,0
33,1,1,0,2,10,10
34,0,1,1,2,2,1
35,1,2,2,7,7,0
36,0,0,2,0,5,7
37,2,1,0,7,0,10
38,0,0,4,0,5,0
39,0,4,4,17,10,0
40,0,2,2,1,1,0
41,1,3,2,27,29,20
42,0,0,6,0,1,0
43,1,2,0,17,16,38
44,0,0,1,0,0,0
45,1,0,1,2,1,3
46,0,0,1,0,24,15
47,1,2,0,15,0,12
48,0,6,6,31,43,0
49,2,2,0,2,0,14
50,0,5,5,20,14,15
51,0,0,1,0,7,9
52,0,0,0,0,18,32
53,2,1,0,13,5,10
54,0,3,3,1,1,0
55,0,0,0,0,0,13
56,1,5,0,1,0,0
57,1,2,2,0,0,0
58,2,3,0,7,0,9
59,3,1,0,0,0,0
60,2,1,0,3,0,19
61,0,0,5,0,29,9
62,1,0,0,3,2,5
63,1,4,2,5,9,0
64,2,1,1,5,30,8
65,2,0,0,17,0,34
66,2,3,4,13,14,13
67,0,0,0,0,0,0
68,2,6,0,30,0,0
69,1,7,4,2,0,0
70,1,2,2,0,0,0
71,1,1,6,3,8,5
72,0,0,0,0,0,20
73,1,2,2,9,7,0
74,0,1,1,7,2,6
75,0,0,1,0,1,12
76,0,0,0,0,0,4
77,0,0,0,0,1,1
78,1,0,0,3,7,8
79,0,0,6,0,44,0
80,0,1,1,1,1,1
81,0,3,3,7,4,10
82,0,0,1,0,7,15
83,3,1,0,0,0,0
84,0,3,3,6,6,5
85,1,1,2,2,2,0
86,0,3,3,1,1,0
87,1,2,1,5,1,10
88,2,0,1,1,0,2
89,1,3,2,6,16,10
90,1,10,0,12,0,0
91,0,0,3,0,9,0
92,2,5,0,10,0,0
93,2,10,0,5,0,0
94,1,4,0,7,0,0
95,0,0,0,0,0,0
96,0,0,8,0,9,5
97,1,4,0,15,0,6
98,1,5,0,23,0,0
99,2,0,0,7,5,13
100,1,1,0,42,0,45
101,1,1,2,1,2,4
102,0,1,1,24,3,23
103,0,0,0,0,0,0
104,1,1,1,2,0,2
105,1,1,1,0,3,3
106,0,0,0,0,0,34
107,1,0,0,1,3,3
108,1,3,7,0,0,3
109,1,4,0,11,0,4
110,1,2,4,0,12,0
111,0,0,0,0,0,0
112,3,4,0,9,0,0
113,1,1,2,0,2,2
114,1,3,4,1,10,5
115,2,3,0,6,0,16
116,0,1,1,1,1,1
117,1,1,0,2,0,5
118,1,4,0,12,0,16
119,0,0,0,0,0,0
120,2,0,2,6,2,8
121,1,0,0,5,3,6
122,0,1,1,2,3,4
123,0,0,1,0,0,0
124,0,0,0,0,8,8
125,0,0,5,0,11,6
126,1,7,3,11,3,1
127,0,0,5,0,3,19
128,0,0,0,0,0,0
129,2,7,0,3,0,0
130,0,0,2,0,14,5
131,0,4,4,5,5,3
132,0,0,1,0,0,0
133,0,2,2,1,1,0
134,0,0,0,0,0,5
135,0,3,3,1,1,0
136,1,0,0,1,1,2
137,0,0,4,0,41,0
138,1,1,2,0,0,0
139,0,0,2,0,7,11
140,0,0,0,0,0,0
141,1,0,9,6,15,6
142,0,7,7,13,20,0
143,1,2,0,11,15,18
144,2,2,0,16,0,13
145,0,0,0,0,0,0
146,0,0,0,0,5,5
147,1,2,2,16,24,6
148,1,1,1,0,7,5
149,0,1,1,1,1,1
150,1,3,8,3,7,0
151,0,2,2,10,16,14
152,0,0,5,0,3,1
153,2,5,5,0,1,0
154,1,1,2,3,13,12
155,2,1,0,6,0,5
156,0,5,5,21,17,0
157,0,3,3,17,11,8
158,0,0,1,0,0,0
159,0,1,1,3,3,2
160,0,3,3,9,7,5
161,1,0,1,12,1,12
162,0,0,1,0,20,30
163,2,2,0,2,0,1
164,1,1,2,0,0,0
165,0,0,0,0,0,0
166,0,0,1,0,5,20
167,1,1,1,4,3,2
168,0,0,0,0,0,0
169,0,0,0,0,0,0
170,1,1,2,0,0,0
171,1,1,3,3,6,2
172,1,7,0,2,7,7
173,0,0,2,0,0,0
174,2,3,3,3,0,0
175,0,0,0,0,0,0
176,1,1,1,23,2,16
177,1,0,0,1,1,2
178,2,3,4,10,9,4
179,0,4,4,1,1,0
180,0,0,1,0,1,5
181,1,0,1,12,2,20
182,0,2,2,3,4,4
183,1,3,0,5,9,15
184,0,0,4,0,19,7
185,0,0,1,0,0,0
186,1,3,4,5,8,4
187,0,1,1,7,7,6
188,2,3,4,10,15,0
189,1,0,0,8,8,11
190,1,1,2,23,14,28
191,2,4,0,4,0,0
192,0,0,0,0,0,1
193,1,6,5,11,14,9
194,0,0,1,0,15,0
195,0,0,2,0,19,0
196,0,1,1,1,3,2
197,0,0,4,0,6,9
198,0,1,1,1,4,3
199,1,4,2,3,1,0
200,1,2,3,4,6,0
201,0,0,0,0,0,0
202,0,0,2,0,6,6
203,1,8,6,6,7,0
204,2,1,0,4,0,16
205,1,5,2,0,0,3
206,1,2,2,3,1,4
207,0,0,2,0,2,10
208,2,5,0,2,0,2
209,0,0,0,0,0,22
210,2,4,2,9,17,0
211,0,0,4,0,21,0
212,2,7,0,14,0,3
213,1,1,0,7,0,6
214,0,2,2,38,11,28
215,0,1,1,1,2,1
216,1,6,0,20,0,11
217,0,0,5,0,9,1
218,0,0,3,0,1,5
219,3,2,0,5,0,14
220,1,1,1,1,6,5
221,2,2,3,7,9,11
222,2,1,1,1,5,8
223,3,3,0,4,0,0
224,1,1,0,1,0,1
225,1,2,1,0,0,0
226,1,8,0,45,0,0
227,1,2,3,5,18,0
228,1,1,0,2,0,2
229,1,3,2,0,1,2
230,0,0,2,0,0,0
231,1,3,2,23,29,18
232,0,0,2,0,7,3
233,1,2,4,0,3,0
234,3,0,0,11,0,14
235,2,3,0,13,0,7
236,1,1,2,0,9,8
237,1,2,0,0,0,0
238,0,0,1,0,3,12
239,2,0,4,7,7,17
240,0,0,0,0,0,6
241,1,2,1,1,2,3
242,0,0,0,0,0,0
243,0,0,1,0,3,10
244,2,3,3,4,9,0
245,2,6,0,14,0,45
246,0,0,1,0,8,22
247,1,3,2,7,7,0
248,0,0,1,0,2,11
249,2,1,4,3,5,24
250,1,4,0,25,16,22
251,1,2,4,0,0,0
252,0,0,0,0,0,0
253,1,1,1,15,26,0
254,2,0,0,56,0,56
255,0,0,2,0,9,27
256,3,0,0,18,0,21
257,0,0,3,0,1,2
258,0,0,0,0,0,6
259,0,0,4,0,17,9
260,1,1,0,2,0,4
261,2,3,0,4,0,0
262,4,3,0,4,0,17
263,0,0,0,0,0,9
264,1,2,2,13,13,12
265,0,0,0,27,27,27
266,0,3,3,1,1,0
267,0,3,3,1,1,0
268,1,3,5,1,1,0
269,0,0,2,0,9,15
270,0,0,0,0,7,7
271,0,2,2,1,1,0
272,0,2,2,5,5,0
273,1,1,3,0,0,0
274,1,3,2,18,33,44
275,1,1,1,1,0,2
276,0,0,0,0,1,2
277,1,0,1,2,1,2
278,1,3,1,12,10,4
279,1,3,6,3,11,0
280,1,3,0,31,0,10
281,2,3,0,2,0,7
282,2,1,1,10,3,6
283,0,2,2,12,4,6
284,0,0,0,0,0,0
285,0,1,1,2,3,3
286,0,0,1,0,0,0
287,1,1,0,0,1,1
288,1,2,0,0,0,0
289,1,0,0,1,1,2
290,2,2,2,11,9,28
291,0,0,0,0,0,0
292,1,2,0,10,0,25
293,1,1,1,5,15,16
294,1,2,3,1,1,2
295,0,0,0,0,4,6
296,2,3,0,9,0,11
297,1,0,2,23,35,23
298,1,4,5,8,23,0
299,2,0,0,1,0,1
300,0,2,2,3,1,1
301,2,0,0,7,0,9
302,2,7,0,13,0,0
303,0,0,1,0,1,1
304,1,0,3,24,24,43
305,1,1,3,0,0,0
306,2,3,0,3,0,9
307,1,6,0,17,0,0
308,0,0,0,3,3,3
309,0,0,3,0,17,0
310,0,2,2,10,10,0
311,2,4,6,3,2,2
312,0,3,3,14,9,6
313,0,0,0,0,0,3
314,1,3,1,9,0,0
315,1,2,1,0,0,0
316,0,5,5,29,14,2
317,1,3,2,6,2,0
318,2,0,0,3,0,3
319,0,0,0,0,0,6
320,0,0,3,0,0,0
321,0,0,4,0,10,10
322,1,0,0,12,0,12
323,1,0,2,2,2,2
324,0,0,2,0,4,6
325,1,1,0,0,2,3
326,1,0,0,1,3,4
327,3,1,0,0,0,0
328,1,0,0,11,23,25
329,1,4,5,6,22,0
330,0,0,4,0,0,0
331,1,4,0,8,0,0
332,0,1,1,3,4,4
333,3,2,0,7,0,0
334,0,0,0,0,0,0
335,0,0,0,0,17,17
336,1,1,1,0,5,27
337,0,0,7,0,7,0
338,1,1,0,2,0,2
339,0,1,1,3,7,6
340,0,2,2,1,1,0
341,0,1,1,2,3,1
342,2,1,1,0,0,0
343,0,0,0,0,0,15
344,2,3,0,2,0,1
345,0,0,0,0,0,15
346,1,1,3,3,12,2
347,1,3,3,56,14,58
348,0,0,0,0,19,19
349,0,0,3,0,23,0
350,1,1,2,1,1,0
351,0,0,0,0,0,0
352,1,1,1,9,2,10
353,1,1,4,3,3,5
354,1,2,2,4,2,7
355,1,1,1,0,0,0
356,2,0,0,4,0,6
357,0,3,3,1,1,0
358,0,0,1,0,5,4
359,0,0,1,0,6,41
360,1,6,7,1,0,2
361,2,9,5,33,16,0
362,2,2,0,36,0,12
363,0,4,4,8,11,3
364,0,0,3,0,8,0
365,0,3,3,2,1,1
366,1,1,1,9,1,19
367,0,3,3,1,1,0
368,0,1,1,1,3,3
369,1,1,0,5,0,5
370,1,1,2,2,0,11
371,1,2,2,0,0,0
372,0,0,1,0,3,18
373,2,2,0,12,0,2
374,1,0,0,3,0,3
375,1,2,5,2,6,2
376,2,0,0,3,0,3
377,0,0,3,0,0,5
378,1,1,3,7,9,4
379,1,4,1,22,14,0
380,0,1,1,1,2,1
381,1,1,1,0,0,0
382,0,0,1,0,13,8
383,0,0,0,0,0,0
384,1,2,2,20,4,13
385,2,5,0,7,0,0
386,1,1,1,15,1,16
387,0,1,1,3,4,3
388,1,0,0,1,2,2
389,1,4,9,2,2,0
390,0,0,0,0,0,7
391,0,0,0,0,0,3
392,0,0,0,0,0,23
393,1,3,0,14,0,7
394,0,1,1,1,1,1
395,0,0,11,0,10,0
396,3,1,0,3,0,17
397,2,2,0,11,9,18
398,0,0,3,0,18,0
399,0,0,7,0,18,4
400,2,1,0,1,0,2
401,1,2,0,0,1,1
402,0,0,1,0,8,0
403,1,0,0,20,17,25
404,0,3,3,1,1,0
405,2,2,3,8,14,0
406,0,3,3,1,1,0
407,2,3,0,7,0,3
408,0,0,2,0,9,11
409,0,3,3,1,1,0
410,0,4,4,16,12,7
411,0,0,0,0,0,8
412,1,4,10,0,1,1
413,0,1,1,3,1,3
414,0,0,0,0,0,29
415,1,0,2,2,8,5
416,0,0,0,0,0,0
417,0,0,5,0,8,0
418,0,0,4,0,6,4
419,0,0,5,0,29,24
420,0,2,2,11,11,6
421,2,1,2,20,51,29
422,0,0,0,0,0,0
423,3,0,0,4,0,8
424,1,7,5,8,7,0
425,0,0,10,0,29,0
426,1,3,0,6,0,0
427,0,0,0,0,6,6
428,0,0,4,0,10,31
429,0,0,0,0,0,14
430,1,3,4,9,32,24
431,2,0,0,5,5,11
432,0,0,6,0,7,16
433,1,2,0,11,0,12
434,0,7,7,18,18,5
435,0,0,0,0,0,29
436,0,0,2,0,3,5
437,0,0,0,0,0,44
438,2,1,1,2,9,25
439,0,0,0,0,0,15
440,0,0,2,0,23,0
441,1,1,0,5,7,9
442,0,7,7,23,14,11
443,0,0,0,0,0,0
444,1,3,2,1,7,3
445,1,1,0,25,0,22
446,0,0,3,0,42,0
447,1,1,1,0,2,1
448,2,6,0,11,0,0
449,0,10,10,5,5,0
450,0,0,0,0,0,0
451,1,1,1,1,2,4
452,2,2,4,7,0,3
453,0,0,1,0,11,17
454,1,3,6,5,9,0
455,0,0,1,0,0,0
456,1,4,4,6,1,7
457,1,1,3,10,15,45
458,0,0,5,0,17,18
459,0,0,2,0,5,30
460,2,1,0,13,0,27
461,0,0,2,0,20,0
462,0,3,3,1,3,0
463,0,0,1,0,0,0
464,0,1,1,1,1,1
465,2,2,0,2,0,7
466,0,0,0,0,0,0
467,2,2,0,8,0,24
468,0,0,0,0,17,17
469,1,2,4,9,11,0
470,0,0,6,0,16,0
471,0,0,0,0,0,0
472,0,0,2,0,5,10
473,1,2,3,4,25,6
474,1,5,4,20,11,11
475,0,0,8,0,8,7
476,0,0,6,0,14,0
477,1,6,0,15,0,3
478,1,3,0,4,8,8
479,2,0,0,7,0,10
480,1,0,0,5,3,7
481,1,2,3,5,7,0
482,0,0,1,0,1,3
483,0,0,6,0,5,1
484,1,3,5,0,5,0
485,0,0,0,0,0,0
486,0,0,5,0,8,4
487,2,2,0,2,0,2
488,0,0,0,0,0,35
489,0,0,0,0,0,0
490,1,1,0,0,3,4
491,0,2,2,3,2,2
492,0,0,0,0,0,7
493,0,0,1,0,0,0
494,1,1,3,1,2,19
495,0,0,1,0,3,2
496,0,0,0,0,0,1
497,0,1,1,3,2,3
498,2,3,0,10,0,0
499,1,0,3,7,2,9
500,0,2,2,16,9,0
501,0,0,0,0,0,21
502,3,0,0,11,0,11
503,0,0,2,0,18,0
504,0,0,3,0,0,0
505,0,1,1,4,11,9
506,0,2,2,10,7,9
507,1,2,5,4,8,0
508,1,1,2,2,3,1
509,0,0,2,0,0,0
510,0,0,2,0,1,2
511,1,1,4,2,12,25
512,0,0,3,0,5,12
513,0,0,2,0,8,6
514,0,3,3,49,53,12
515,2,4,0,4,0,0
516,1,1,1,0,0,0
517,2,4,0,10,0,0
518,0,0,0,0,1,1
519,0,0,5,0,21,6
520,0,6,6,9,19,17
521,0,0,0,0,0,16
522,0,3,3,6,8,6
523,0,2,2,2,1,2
524,2,1,0,1,0,3
525,1,1,1,5,4,5
526,0,0,3,0,8,23
527,1,3,3,21,10,0
528,0,0,7,0,10,4
529,1,1,3,5,2,3
530,0,1,1,8,5,6
531,1,1,1,1,3,3
532,0,0,4,0,6,0
533,0,0,3,0,9,9
534,0,0,3,0,0,6
535,0,1,1,4,4,3
536,1,9,0,6,0,0
537,3,4,0,5,0,0
538,1,9,0,26,0,0
539,0,0,0,0,1,2
540,0,1,1,4,3,5
541,0,0,1,0,5,15
542,1,4,2,12,12,7
543,1,0,2,5,3,23
544,1,3,4,4,16,7
545,1,4,0,2,0,1
546,0,0,2,0,5,2
547,0,0,0,0,0,0
548,1,4,0,24,0,27
549,0,1,1,2,3,3
550,0,2,2,1,1,0
551,0,3,3,7,9,1
552,2,4,0,13,0,0
553,0,0,3,0,11,5
554,0,0,2,0,1,0
555,0,0,4,0,4,1
556,0,3,3,3,3,2
557,0,0,0,0,3,3
558,1,1,2,12,31,21
559,0,4,4,19,19,7
560,0,2,2,1,7,0
561,0,0,0,2,2,2
562,0,0,4,0,13,7
563,0,3,3,26,26,11
564,1,0,1,2,5,9
565,2,2,3,10,29,13
566,1,0,1,6,1,8
567,2,2,4,28,23,0
568,2,7,0,16,0,0
569,1,0,0,1,0,1
570,0,0,0,0,0,1
571,0,0,7,0,6,2
572,1,2,1,31,33,0
573,0,0,0,0,0,0
574,0,0,0,0,0,18
575,0,0,1,0,0,0
576,0,0,3,0,12,14
577,1,4,0,0,0,0
578,1,4,3,12,7,0
579,1,1,3,1,4,9
580,0,0,2,0,3,10
581,1,1,0,7,0,8
582,0,9,9,7,3,3
583,0,2,2,14,9,8
584,0,0,5,0,7,0
585,1,1,2,0,0,0
586,1,1,1,21,39,26
587,0,2,2,24,9,19
588,1,2,4,6,7,5
589,1,1,1,0,2,2
590,1,2,2,7,3,0
591,0,0,0,0,0,7
592,2,0,3,19,7,23
593,0,1,1,2,2,2
594,2,2,0,6,0,23
595,0,0,1,0,30,33
596,2,1,0,9,0,12
597,0,0,3,0,4,12
598,1,1,2,13,3,10
599,1,3,2,8,1,5
600,2,3,0,8,0,0
601,0,0,9,0,4,5
602,1,4,0,11,0,7
603,1,0,0,2,2,4
604,0,3,3,8,3,2
605,0,0,5,0,13,10
606,1,0,0,4,4,5
607,1,2,1,57,53,41
608,0,0,8,0,15,0
609,0,0,1,0,0,15
610,1,2,0,5,8,10
611,1,2,1,27,9,7
612,0,3,3,2,0,2
613,0,0,1,0,1,6
614,0,0,2,0,1,5
615,1,1,1,5,3,0
616,0,0,8,0,5,2
617,0,0,0,0,0,7
618,1,1,2,3,2,2
619,0,0,0,0,0,0
620,2,3,0,3,15,15
621,0,0,3,0,21,13
622,0,0,2,0,9,15
623,0,0,5,0,12,0
624,1,4,3,1,1,0
625,0,6,6,10,16,12
626,0,0,4,0,13,15
627,0,2,2,2,6,6
628,1,1,2,1,4,10
629,0,0,0,0,0,11
630,0,0,1,0,0,0
631,2,2,0,2,0,1
632,3,1,0,4,0,43
633,1,2,0,0,1,1
634,1,5,4,8,2,3
635,2,3,2,9,1,5
636,0,2,2,4,6,6
637,0,0,0,0,2,2
638,0,0,2,0,19,24
639,0,2,2,2,1,1
640,0,0,3,0,2,5
641,2,5,0,1,0,0
642,0,0,0,0,0,0
643,1,4,7,3,2,0
644,0,0,1,0,3,1
645,2,3,0,5,0,0
646,0,0,0,0,0,5
647,1,2,3,0,3,0
648,1,5,0,0,0,0
649,0,0,0,0,0,3
650,1,3,3,8,1,0
651,0,0,0,0,0,0
652,0,3,3,0,0,0
653,0,1,1,2,4,4
654,3,1,0,4,0,24
655,1,2,0,9,0,0
656,1,2,6,1,2,1
657,0,0,0,0,12,28
658,2,2,0,5,0,0
659,0,0,1,0,16,20
660,0,0,4,0,0,0
661,0,4,4,31,26,0
662,1,2,0,14,0,6
663,3,3,0,2,0,6
664,1,0,0,2,1,3
665,1,1,2,1,3,5
666,1,1,0,4,5,6
667,3,0,0,17,0,23
668,1,3,6,10,21,12
669,0,0,2,0,23,12
670,2,4,3,28,2,0
671,0,0,0,0,0,0
672,0,4,4,1,2,0
673,0,0,0,0,9,17
674,0,2,2,5,5,1
675,0,0,2,0,4,5
676,0,0,0,0,0,5
677,2,1,0,8,0,19
678,0,0,7,0,5,13
679,0,1,1,8,8,0
680,1,3,2,9,6,0
681,0,0,4,0,1,5
682,1,3,3,22,21,0
683,0,0,0,0,0,0
684,0,0,4,0,12,2
685,1,3,2,4,1,0
686,0,0,1,0,2,2
687,0,0,0,0,3,3
688,0,0,6,0,2,2
689,1,2,3,11,12,0
690,2,7,3,1,9,0
691,0,0,2,0,11,0
692,2,3,1,21,18,11
693,0,0,3,0,1,0
694,0,0,4,0,23,0
695,1,3,5,6,49,0
696,0,0,0,0,0,0
697,1,3,0,24,0,0
698,1,1,2,21,5,17
699,0,0,0,0,0,2
700,2,2,0,9,0,5
701,1,1,1,4,4,8
702,1,4,4,1,1,0
703,0,0,3,0,9,15
704,1,10,0,18,0,0
705,0,0,2,0,32,32
706,1,0,3,22,26,37
707,1,3,0,3,0,1
708,0,0,0,0,0,32
709,1,0,0,1,1,2
710,0,0,0,0,0,8
711,0,1,1,2,1,2
712,0,0,4,0,5,0
713,1,0,2,6,6,13
714,2,4,0,0,0,0
715,1,2,0,9,0,30
716,0,0,3,0,10,0
717,0,3,3,9,9,5
718,0,0,8,0,15,8
719,1,0,0,5,6,8
720,1,0,0,13,0,13
721,0,0,0,0,11,11
722,1,2,2,17,11,0
723,0,0,0,0,0,9
724,0,3,3,4,5,2
725,0,0,4,0,5,6
726,0,0,3,0,10,0
727,0,0,0,0,0,12
728,1,1,1,0,0,0
729,0,0,0,0,0,0
730,1,1,2,2,5,5
731,0,0,3,0,70,16
732,2,4,0,24,0,0
733,2,1,0,4,0,35
734,1,1,2,3,6,5
735,1,3,0,5,10,16
736,0,4,4,2,7,5
737,0,0,5,0,29,21
738,0,0,0,0,1,1
739,2,4,0,8,0,19
740,0,0,4,0,0,0
741,0,0,0,0,0,0
742,1,3,1,0,0,0
743,2,1,0,0,1,1
744,0,5,5,1,1,0
745,0,0,3,0,9,0
746,0,2,2,2,1,0
747,3,4,0,18,0,4
748,1,2,1,5,13,13
749,1,2,2,0,0,0
750,0,2,2,7,10,11
751,0,0,3,0,4,9
752,0,0,0,0,8,12
753,2,1,1,4,11,15
754,1,3,1,0,1,2
755,1,4,3,23,2,0
756,0,3,3,7,10,1
757,1,2,5,1,2,3
758,1,1,4,0,1,1
759,1,1,0,49,0,41
760,1,0,0,1,1,2
761,0,2,2,10,6,0
762,1,2,2,16,15,47
763,0,3,3,22,27,16
764,0,3,3,5,5,10
765,1,3,2,0,0,0
766,1,1,1,15,2,16
767,0,4,4,7,10,1
768,0,3,3,9,9,6
769,0,0,3,0,50,44
770,0,0,0,0,1,1
771,1,1,3,5,13,26
772,0,1,1,40,40,0
773,0,0,3,0,45,0
774,1,3,2,8,23,14
775,0,11,11,5,11,0
776,0,3,3,10,5,1
777,0,2,2,1,1,0
778,2,0,0,6,7,16
779,0,0,4,0,3,12
780,0,1,1,1,2,2
781,0,0,4,0,3,2
782,2,5,0,14,0,0
783,1,3,1,0,0,0
784,1,2,0,4,0,1
785,1,1,2,9,26,22
786,1,2,0,11,0,3
787,1,0,1,1,0,1
788,1,3,3,9,15,21
789,1,3,1,8,2,8
790,1,3,0,9,0,6
791,2,0,0,5,0,10
792,0,0,0,0,0,12
793,1,1,4,1,2,4
794,1,0,0,1,0,1
795,1,1,1,3,0,2
796,0,0,1,0,0,0
797,0,0,7,0,3,0
798,1,1,0,0,2,3
799,0,2,2,8,13,3
800,2,0,1,1,0,1
801,2,3,0,16,0,11
802,1,0,1,6,6,8
803,1,6,0,39,0,15
804,1,1,2,1,0,2
805,0,3,3,6,4,7
806,2,0,0,46,0,46
807,2,0,0,22,0,33
808,0,2,2,2,3,3
809,2,2,3,5,4,11
810,0,0,0,0,0,15
811,1,1,0,8,0,10
812,1,0,0,33,0,33
813,1,1,0,0,1,1
814,1,0,0,1,0,1
815,0,0,2,0,5,2
816,1,4,5,4,6,9
817,0,0,0,0,0,0
818,0,2,2,0,2,1
819,0,0,2,0,1,1
820,0,0,6,0,34,0
821,0,0,4,0,2,1
822,0,0,0,0,5,9
823,0,0,0,0,0,0
824,0,0,3,0,2,28
825,0,0,3,0,45,0
826,4,3,0,0,0,0
827,1,1,1,1,8,10
828,1,3,6,1,14,0
829,0,1,1,4,1,4
830,2,3,0,12,0,0
831,2,1,0,1,0,8
832,3,1,0,1,0,1
833,1,3,4,6,13,3
834,0,0,4,0,9,8
835,0,0,0,15,15,15
836,1,3,0,15,0,20
837,2,3,0,23,0,0
838,0,0,1,0,5,14
839,1,7,0,15,0,0
840,1,4,0,5,0,0
841,1,1,1,6,36,18
842,1,1,0,0,0,0
843,0,0,5,0,1,0
844,2,1,2,8,15,60
845,0,0,1,0,0,0
846,0,0,3,0,18,0
847,0,0,2,0,21,15
848,2,2,0,5,0,14
849,1,2,0,5,0,6
850,0,0,1,0,7,0
851,1,3,1,8,2,1
852,2,1,0,2,0,8
853,0,0,1,0,4,17
854,2,6,5,1,3,0
855,0,0,0,0,0,18
856,2,2,0,9,0,17
857,0,1,1,4,4,5
858,0,0,3,0,0,0
859,0,0,3,0,4,8
860,0,5,5,8,12,10
861,0,1,1,2,4,3
862,0,0,0,0,0,9
863,0,1,1,1,2,1
864,0,2,2,1,2,2
865,0,0,0,0,0,53
866,2,2,4,4,2,0
867,0,0,2,0,32,0
868,2,4,0,6,0,15
869,0,3,3,8,26,20
870,0,0,0,0,3,5
871,1,2,0,10,24,39
872,0,3,3,27,19,0
873,0,0,2,0,11,30
874,1,1,2,0,0,0
875,2,3,1,1,4,3
876,1,2,4,1,2,3
877,2,3,4,5,5,0
878,0,0,0,2,2,2
879,1,3,5,1,1,0
880,0,3,3,8,7,0
881,0,1,1,1,1,0
882,1,2,5,21,30,0
883,0,0,0,0,0,0
884,0,0,3,0,3,0
885,2,0,0,5,0,6
886,2,5,0,12,0,0
887,0,0,6,0,27,16
888,1,6,0,9,0,0
889,1,1,0,9,12,17
890,2,4,0,6,0,0
891,1,1,1,31,3,30
892,1,3,2,10,1,6
893,1,1,0,3,0,0
894,2,1,0,9,0,4
895,0,1,1,3,1,2
896,0,3,3,4,4,0
897,1,0,0,1,1,2
898,0,0,0,0,1,2
899,0,0,3,0,2,0
900,1,6,4,4,4,3
901,0,0,0,0,0,0
902,2,1,1,0,0,0
903,2,1,0,0,0,66
904,0,1,1,3,1,3
905,0,0,3,0,2,1
906,0,0,4,0,32,0
907,0,0,0,0,0,17
908,2,4,4,5,11,0
909,0,0,4,0,20,0
910,0,0,7,0,11,0
911,0,0,3,0,5,13
912,2,2,0,0,0,0
913,2,4,0,6,0,5
914,2,3,0,3,0,0
915,0,1,1,1,1,1
916,0,0,4,0,0,0
917,1,5,5,3,3,0
918,0,0,1,0,0,0
919,1,3,3,0,0,0
920,1,2,4,0,0,0
921,2,3,0,15,0,0
922,1,2,1,1,2,0
923,1,1,1,4,6,0
924,0,0,3,0,3,0
925,0,0,0,0,0,0
926,1,2,3,2,0,1
927,1,3,8,8,33,0
928,2,3,0,15,0,0
929,2,1,0,0,0,0
930,0,4,4,8,14,1
931,1,2,0,19,14,23
932,1,2,1,5,1,4
933,1,1,5,3,9,9
934,0,0,0,0,0,8
935,1,2,2,10,15,15
936,0,0,3,0,6,0
937,1,2,1,9,2,20
938,1,1,1,2,7,7
939,1,2,1,3,26,6
940,2,5,0,16,0,10
941,1,2,2,11,4,5
942,1,6,0,6,0,11
943,1,1,0,0,1,1
944,1,7,6,9,13,0
945,0,0,2,0,14,0
946,1,3,1,6,2,6
947,1,2,0,9,0,5
948,1,1,2,1,0,1
949,0,0,0,0,0,16
950,1,1,1,1,0,1
951,3,0,0,8,0,8
952,0,0,2,0,7,0
953,3,4,0,0,0,0
954,0,0,0,0,0,3
955,0,5,5,11,18,0
956,0,0,0,0,0,0
957,0,0,0,0,0,8
958,1,2,0,0,0,4
959,1,2,1,0,0,0
960,1,4,4,14,4,0
961,0,0,0,0,0,0
962,3,4,0,5,0,0
963,0,0,0,0,0,13
964,1,6,0,3,0,0
965,0,0,2,0,4,2
966,0,0,1,0,0,0
967,0,3,3,1,2,0
968,0,3,3,5,3,0
969,0,0,3,0,0,0
970,0,2,2,1,1,1
971,1,1,0,0,0,0
972,1,0,0,2,0,2
973,0,1,1,1,1,1
974,0,0,0,0,0,0
975,0,0,3,0,1,8
976,0,0,0,0,12,12
977,1,0,2,9,5,9
978,1,0,0,18,0,18
979,0,0,1,0,1,14
980,1,2,5,6,4,3
981,0,0,0,0,0,6
982,1,1,2,0,19,22
983,0,0,0,0,0,31
984,0,0,0,0,0,0
985,1,7,3,13,9,0
986,0,0,3,0,3,0
987,1,4,0,1,0,0
988,2,1,1,6,3,15
989,0,0,0,0,0,0
990,1,1,6,5,13,10
991,0,0,4,0,5,0
992,0,0,2,0,20,14
993,0,3,3,8,19,0
994,0,0,0,2,2,2
995,0,0,0,0,0,25
996,1,2,0,3,0,9
997,3,1,0,24,0,0
998,1,1,3,1,5,1
999,1,2,1,3,8,0
1000,0,0,1,0,0,7
1001,0,2,2,3,2,2
1002,0,6,6,17,10,12
1003,0,0,3,0,16,19
1004,1,1,3,0,2,2
1005,0,0,1,0,0,0
1006,0,0,0,0,0,0
1007,2,0,0,12,0,12
1008,0,0,0,0,0,14
1009,1,4,4,9,9,10
1010,0,4,4,16,20,0
1011,0,3,3,1,4,0
1012,0,0,8,0,20,7
1013,1,4,3,26,7,0
1014,0,0,0,0,0,19
1015,0,1,1,1,1,1
1016,1,0,1,3,1,4
1017,0,0,6,0,4,10
1018,1,1,2,2,2,7
1019,1,2,3,2,10,7
1020,2,7,0,30,0,0
1021,2,4,0,5,0,3
1022,0,0,1,0,0,0
1023,1,4,4,9,1,0
1024,0,0,0,3,3,3
1025,1,3,6,13,10,6
1026,0,0,2,0,3,1
1027,1,1,0,38,0,15
1028,0,0,0,0,18,23
1029,0,0,2,0,2,0
1030,0,0,5,0,0,0
1031,0,4,4,13,13,16
1032,1,0,0,1,2,3
1033,0,1,1,3,1,2
1034,1,0,0,2,0,2
1035,1,2,4,27,19,0
1036,1,1,1,1,9,5
1037,0,0,6,0,6,6
1038,1,1,0,27,0,0
1039,1,2,3,1,6,5
1040,1,2,3,4,10,6
1041,1,1,1,0,0,0
1042,1,1,3,4,21,23
1043,1,3,3,21,3,10
1044,1,5,2,24,20,0
1045,1,0,2,1,0,1
1046,0,2,2,15,8,23
1047,1,3,1,1,4,0
1048,0,0,6,0,4,2
1049,1,1,2,8,5,31
1050,0,2,2,12,4,9
1051,0,0,3,0,3,2
1052,0,0,0,0,0,27
1053,1,0,1,1,0,2
1054,0,0,1,0,1,1
1055,0,1,1,2,1,2
1056,1,1,2,2,0,1
1057,2,5,0,1,0,0
1058,0,0,0,0,12,20
1059,1,1,1,1,0,1
1060,0,0,1,0,5,2
1061,2,0,2,9,3,12
1062,1,1,0,0,11,11
1063,0,0,0,0,0,13
1064,1,0,2,1,0,1
1065,0,3,3,1,1,0
1066,1,4,4,3,11,15
1067,1,4,0,0,0,0
1068,0,0,3,0,7,5
1069,0,0,1,0,7,0
1070,0,0,1,0,34,14
1071,0,0,0,0,0,36
1072,1,2,1,1,6,0
1073,0,2,2,11,19,33
1074,1,3,0,8,0,5
1075,1,2,0,0,3,4
1076,2,0,0,15,0,25
1077,0,0,0,0,0,38
1078,0,3,3,1,1,0
1079,0,0,2,0,0,0
1080,1,1,0,12,0,6
1081,1,2,1,17,5,11
1082,0,0,0,0,0,0
1083,0,0,0,0,0,0
1084,0,0,4,0,5,0
1085,0,0,3,0,8,0
1086,0,0,1,0,0,0
1087,0,4,4,9,7,0
1088,1,2,1,0,0,0
1089,0,0,0,0,2,2
1090,0,0,0,0,0,6
1091,0,0,1,0,9,18
1092,2,0,0,5,6,11
1093,1,4,0,5,6,11
1094,1,1,1,0,0,0
1095,0,0,2,0,6,5
1096,3,3,0,0,0,0
1097,2,3,1,1,5,1
1098,0,3,3,9,9,0
1099,2,5,3,9,5,2
1100,1,2,1,12,7,17
1101,0,4,4,3,2,1
1102,1,1,5,9,18,36
1103,0,2,2,1,1,0
1104,0,0,2,0,4,6
1105,1,1,2,1,4,3
1106,0,0,0,0,0,22
1107,1,0,0,2,2,4
1108,1,1,1,1,21,18
1109,0,0,3,0,0,0
1110,2,3,2,6,19,0
1111,1,1,1,0,1,6
1112,0,0,6,0,13,9
1113,1,0,2,12,0,29
1114,1,1,1,0,0,0
1115,0,0,0,0,0,6
1116,1,1,1,0,2,8
1117,2,1,0,3,0,14
1118,0,0,0,0,0,8
1119,1,0,1,1,0,2
1120,1,0,0,1,3,3
1121,1,3,0,4,0,3
1122,3,3,0,5,0,21
1123,2,2,4,1,1,2
1124,0,0,5,0,4,0
1125,3,0,0,6,6,12
1126,1,4,0,2,0,0
1127,0,0,5,0,6,8
1128,1,1,5,6,11,15
1129,0,0,0,0,22,22
1130,0,0,2,0,46,38
1131,0,0,1,0,0,0
1132,1,2,1,1,0,1
1133,0,0,0,0,0,0
1134,1,2,0,0,0,0
1135,1,2,0,15,0,11
1136,2,1,0,0,0,0
1137,2,4,5,1,3,2
1138,1,2,1,2,1,3
1139,0,1,1,6,6,0
1140,1,1,3,0,0,0
1141,1,2,3,6,0,2
1142,0,0,2,0,12,8
1143,0,0,0,0,7,12
1144,1,2,2,0,2,1
1145,1,1,1,0,0,0
1146,0,0,3,0,5,0
1147,2,1,0,1,0,0
1148,0,1,1,1,1,1
1149,0,0,0,0,0,6
1150,0,1,1,3,2,3
1151,2,3,4,0,16,0
1152,1,1,1,8,20,19
1153,0,1,1,2,2,2
1154,1,6,0,11,0,0
1155,2,1,0,6,0,5
1156,0,0,1,0,0,0
1157,0,0,0,0,3,5
1158,0,0,0,3,3,3
1159,0,0,0,0,0,26
1160,3,3,0,2,0,0
1161,1,1,3,11,3,0
1162,0,0,3,0,8,3
1163,1,2,4,8,6,0
1164,0,2,2,11,15,8
1165,0,0,5,0,7,0
1166,0,0,0,0,0,0
1167,1,0,3,1,0,1
1168,0,1,1,3,4,4
1169,0,0,0,0,0,30
1170,0,0,0,0,0,0
1171,1,1,3,5,9,1
1172,1,1,2,19,9,21
1173,2,3,0,5,0,0
1174,0,2,2,9,18,16
1175,0,0,0,0,0,3
1176,0,1,1,4,11,9
1177,1,2,2,9,18,13
1178,3,7,1,22,20,11
1179,0,1,1,2,3,1
1180,1,0,0,11,17,19
1181,0,0,0,0,3,3
1182,1,1,0,3,0,3
1183,0,0,1,0,8,47
1184,0,0,7,0,17,17
1185,0,0,1,0,1,19
1186,2,1,0,3,8,27
1187,0,3,3,5,4,1
1188,0,0,1,0,11,4
1189,0,0,7,0,0,13
1190,2,5,0,5,0,0
1191,0,0,0,0,0,0
1192,0,0,0,0,1,1
1193,0,4,4,14,21,3
1194,1,1,1,11,7,4
1195,0,0,2,0,29,56
1196,1,2,3,0,0,0
1197,0,0,0,0,3,3
1198,1,3,4,11,12,0
1199,3,0,0,0,0,0
1200,1,1,1,0,0,0
1201,1,2,5,7,20,4
1202,0,7,7,21,14,0
1203,1,2,3,14,7,11
1204,1,0,1,4,5,8
1205,0,2,2,1,1,0
1206,2,6,0,7,0,0
1207,0,0,0,0,0,14
1208,0,2,2,2,1,1
1209,0,0,2,0,2,4
1210,1,5,0,8,0,0
1211,3,4,0,1,0,0
1212,1,3,0,5,0,9
1213,1,1,1,1,13,8
1214,0,1,1,2,1,2
1215,0,0,3,0,6,12
1216,1,3,2,12,2,5
1217,0,0,0,0,0,8
1218,1,1,1,2,0,1
1219,0,0,4,0,2,3
1220,0,0,3,0,3,4
1221,0,0,1,0,2,1
1222,1,1,4,12,24,12
1223,1,6,6,45,25,0
1224,0,0,1,0,2,2
1225,1,3,2,11,8,8
1226,1,6,0,13,0,0
1227,1,0,0,2,1,3
1228,0,2,2,2,2,0
1229,2,1,2,6,2,4
1230,0,1,1,1,2,1
1231,1,1,0,2,0,6
1232,0,1,1,2,2,0
1233,0,0,5,0,27,5
1234,1,1,1,11,1,11
1235,0,0,2,0,9,6
1236,1,3,0,10,11,11
1237,1,5,0,12,0,2
1238,1,3,5,1,4,0
1239,2,1,4,4,2,0
1240,1,1,1,16,4,14
1241,1,4,7,5,9,0
1242,0,0,3,0,8,0
1243,1,1,1,1,1,6
1244,1,6,4,3,3,0
1245,0,0,3,0,6,1
1246,0,0,0,0,0,24
1247,2,1,1,3,6,57
1248,0,0,4,0,4,0
1249,1,3,5,6,14,15
1250,0,0,0,0,0,13
1251,0,0,4,0,0,22
1252,1,1,0,13,0,13
1253,1,3,0,13,0,12
1254,2,1,0,0,0,0
1255,0,0,4,0,7,3
1256,1,1,0,0,1,1
1257,0,0,0,0,0,6
1258,1,6,1,3,0,2
1259,2,5,3,5,1,0
1260,1,1,2,19,11,25
1261,2,1,0,0,0,2
1262,2,1,0,6,0,49
1263,0,0,0,0,0,19
1264,3,2,0,5,0,0
1265,0,3,3,5,32,24
1266,0,4,4,9,15,6
1267,1,0,0,56,25,63
1268,1,2,3,0,0,0
1269,2,1,0,1,8,15
1270,0,3,3,29,19,32
1271,0,1,1,1,1,1
1272,0,0,0,0,0,0
1273,0,0,11,0,1,0
1274,0,4,4,3,3,0
1275,2,4,0,5,0,3
1276,0,0,0,0,0,0
1277,1,3,0,8,0,8
1278,0,0,4,0,24,0
1279,3,1,0,11,0,4
1280,0,0,1,0,5,4
1281,0,0,0,0,0,20
1282,2,3,3,21,20,17
1283,0,0,7,0,4,0
1284,0,2,2,4,4,0
1285,0,0,2,0,15,0
1286,0,1,1,1,1,0
1287,1,2,5,5,20,11
1288,1,1,2,0,0,0
1289,0,2,2,1,1,1
1290,1,5,0,6,0,9
1291,2,0,0,4,0,5
1292,2,3,0,16,0,0
1293,1,1,1,3,1,9
1294,1,0,0,10,11,15
1295,0,3,3,4,4,0
1296,0,0,0,0,0,39
1297,2,1,4,9,5,3
1298,0,2,2,1,2,1
1299,0,3,3,32,12,8
1300,0,0,5,0,25,0
1301,1,1,3,4,0,2
1302,0,0,3,0,1,0
1303,0,2,2,9,5,7
1304,2,3,7,12,18,0
1305,0,3,3,0,1,3
1306,0,0,5,0,9,14
1307,0,0,0,0,0,4
1308,0,3,3,0,0,0
1309,0,4,4,1,1,0
1310,0,0,1,0,0,0
1311,1,2,3,3,4,0
1312,0,2,2,1,1,0
1313,1,5,4,0,1,1
1314,0,0,3,0,23,46
1315,0,0,0,0,0,0
1316,0,0,0,0,0,1
1317,0,0,0,0,1,1
1318,0,1,1,3,2,3
1319,0,1,1,3,2,2
1320,0,0,0,0,0,0
1321,0,0,2,0,16,18
1322,0,0,0,0,0,25
1323,0,0,2,0,5,5
1324,0,0,4,0,3,0
1325,1,3,0,6,0,4
1326,0,0,2,0,12,13
1327,2,1,0,0,1,2
1328,2,5,3,31,7,0
1329,0,0,1,0,26,0
1330,0,5,5,4,7,0
1331,0,0,3,0,0,0
1332,2,0,1,1,0,1
1333,1,1,3,1,8,3
1334,2,5,3,1,1,0
1335,0,0,0,0,0,0
1336,2,2,0,8,0,15
1337,0,3,3,14,14,8
1338,0,0,0,0,0,0
1339,0,0,1,0,0,0
1340,1,5,2,16,17,23
1341,0,0,2,0,3,0
1342,2,1,0,18,0,44
1343,2,0,1,3,1,10
1344,0,0,3,0,1,2
1345,2,1,0,7,0,6
1346,0,0,10,0,0,0
1347,2,0,0,6,0,8
1348,0,0,7,0,12,3
1349,0,0,2,0,13,48
1350,2,5,0,7,0,0
1351,2,1,0,0,2,4
1352,1,1,2,0,1,1
1353,0,0,1,0,13,13
1354,0,0,1,0,12,5
1355,1,0,5,15,7,15
1356,1,1,2,4,6,7
1357,1,1,1,2,0,1
1358,0,3,3,2,5,3
1359,2,1,0,20,0,4
1360,0,0,0,0,33,33
1361,0,0,0,0,0,0
1362,0,1,1,1,3,3
1363,0,0,4,0,2,4
1364,0,0,1,0,2,7
1365,1,1,0,0,0,0
1366,0,0,4,0,14,0
1367,2,0,0,3,0,3
1368,3,1,0,1,0,2
1369,0,0,0,0,0,15
1370,1,3,3,4,3,0
1371,0,0,0,0,18,42
1372,1,2,2,11,7,4
1373,3,1,1,6,25,16
1374,2,2,0,12,0,7
1375,0,2,2,1,1,0
1376,0,0,2,0,0,0
1377,2,0,2,13,4,16
1378,0,0,0,0,0,0
1379,0,0,1,0,2,2
1380,0,4,4,22,14,10
1381,0,0,1,0,2,1
1382,1,2,0,1,0,0
1383,0,0,1,0,1,7
1384,1,0,0,2,3,3
1385,1,1,3,0,4,14
1386,2,5,0,7,0,3
1387,0,2,2,10,10,2
1388,2,1,0,0,0,0
1389,1,2,2,5,8,8
1390,0,0,4,0,6,0
1391,1,2,2,10,7,6
1392,1,4,4,8,13,5
1393,0,3,3,4,6,3
1394,1,2,2,4,20,28
1395,1,1,0,5,0,20
1396,0,0,0,0,2,7
1397,2,2,0,21,28,58
1398,0,0,2,0,5,6
1399,0,0,1,0,2,20
1400,0,0,0,0,0,0
1401,0,0,0,0,0,16
1402,1,2,2,0,0,0
1403,0,0,0,0,0,21
1404,0,2,2,11,11,26
1405,2,3,0,4,0,0
1406,0,0,1,0,21,17
1407,0,0,0,0,0,5
1408,0,0,4,0,6,0
1409,0,0,1,0,0,0
1410,0,3,3,22,22,22
1411,0,0,0,4,4,4
1412,0,0,4,0,6,0
1413,0,0,0,0,0,0
1414,0,3,3,12,16,14
1415,2,1,1,0,0,0
1416,2,3,0,8,0,0
1417,1,3,3,14,14,26
1418,0,0,3,0,7,12
1419,2,1,1,0,6,4
1420,0,0,2,0,3,12
1421,0,0,0,0,0,0
1422,0,0,1,0,6,4
1423,0,2,2,3,3,0
1424,0,0,1,0,4,21
1425,1,1,1,30,43,43
1426,2,1,2,1,6,33
1427,0,0,5,0,22,14
1428,0,1,1,5,2,4
1429,1,2,0,37,0,39
1430,2,2,0,21,0,0
1431,0,0,4,0,4,0
1432,1,2,0,9,0,12
1433,1,1,1,0,0,0
1434,0,0,6,0,2,0
1435,0,5,5,8,8,6
1436,0,0,1,0,3,4
1437,1,2,0,9,0,19
1438,1,1,3,11,29,14
1439,3,0,0,1,0,3
1440,2,1,0,0,0,0
1441,0,0,2,0,44,50
1442,1,10,0,4,0,0
1443,3,4,0,1,0,3
1444,0,3,3,28,19,0
1445,1,3,0,2,6,6
1446,1,0,1,16,2,16
1447,0,0,0,0,0,0
1448,0,1,1,1,3,3
1449,0,0,0,0,0,0
1450,3,4,0,26,0,19
1451,2,3,7,17,11,0
1452,2,1,0,2,0,5
1453,0,0,0,0,16,16
1454,2,0,1,28,19,28
1455,2,4,2,36,11,38
1456,1,1,1,23,21,28
1457,0,0,5,0,5,8
1458,0,3,3,5,10,10
1459,0,0,1,0,6,11
1460,1,3,4,4,4,0
1461,0,3,3,2,1,1
1462,1,2,2,5,5,0
1463,0,0,1,0,3,12
1464,0,0,2,0,1,12
1465,2,3,3,4,6,0
1466,0,0,2,0,0,0
1467,0,0,14,0,26,0
1468,1,1,2,1,12,0
1469,0,1,1,1,1,1
1470,1,2,5,4,6,1
1471,0,0,1,0,0,0
1472,1,1,3,0,0,0
1473,2,3,3,10,12,0
1474,0,0,1,0,48,24
1475,0,0,0,0,0,0
1476,1,1,5,4,13,14
1477,0,0,0,0,0,7
1478,2,0,3,9,0,21
1479,0,1,1,3,1,2
1480,1,1,1,0,0,0
1481,2,4,2,16,8,7
1482,0,0,2,0,4,1
1483,0,0,7,0,43,0
1484,1,2,1,1,3,12
1485,2,1,0,20,0,0
1486,0,0,0,0,21,33
1487,0,1,1,1,1,0
1488,1,2,3,13,32,25
1489,0,0,2,0,10,9
1490,2,3,0,4,0,0
1491,0,1,1,6,1,6
1492,1,1,1,3,3,3
1493,1,0,1,59,35,59
1494,0,0,0,0,0,0
1495,0,0,1,0,1,1
1496,0,0,0,0,0,18
1497,0,0,0,0,0,0
1498,0,0,0,0,0,0
1499,2,1,2,0,0,0
1500,0,2,2,1,2,1
1501,1,1,1,1,2,0
1502,1,1,2,6,1,9
1503,0,0,3,0,5,0
1504,2,1,0,2,0,1
1505,2,3,4,4,2,12
1506,0,6,6,14,14,0
1507,1,2,1,0,0,0
1508,0,1,1,1,2,3
1509,0,0,0,2,2,2
1510,1,6,0,3,4,4
1511,1,2,2,7,4,6
1512,0,0,3,0,0,0
1513,0,1,1,1,1,1
1514,1,1,1,0,0,0
1515,0,1,1,1,1,1
1516,1,2,0,11,0,18
1517,0,2,2,4,5,1
1518,1,1,2,0,0,0
1519,0,0,4,0,5,0
1520,0,0,8,0,13,0
1521,1,1,2,3,2,6
1522,0,0,0,0,0,0
1523,1,2,2,29,23,33
1524,3,1,0,11,0,27
1525,3,6,0,23,0,0
1526,1,1,3,0,0,0
1527,0,0,2,0,0,3
1528,2,6,0,26,0,0
1529,1,5,0,10,0,0
1530,0,0,2,0,0,0
1531,1,2,1,16,5,14
1532,1,0,0,17,32,37
1533,0,0,0,0,0,0
1534,0,0,5,0,1,13
1535,0,0,8,0,5,0
1536,2,1,1,2,2,24
1537,0,0,4,0,3,0
1538,1,4,0,0,0,0
1539,0,0,2,0,2,7
1540,1,2,3,2,0,0
1541,1,4,3,2,19,0
1542,1,1,2,2,0,1
1543,1,1,4,4,4,8
1544,2,0,0,8,0,10
1545,1,1,3,12,13,16
1546,1,0,1,1,0,1
1547,1,1,1,0,2,1
1548,0,0,2,0,6,5
1549,0,0,4,0,19,7
1550,0,1,1,1,3,2
1551,0,2,2,25,25,65
1552,0,0,4,0,13,0
1553,2,0,0,1,1,3
1554,3,0,0,12,0,23
1555,1,4,0,2,0,4
1556,1,0,0,2,1,3
1557,0,0,1,0,0,0
1558,0,0,3,0,1,2
1559,0,0,3,0,23,15
1560,2,3,0,0,0,0
1561,0,0,6,0,6,1
1562,1,0,0,1,0,1
1563,2,1,0,0,0,40
1564,1,3,5,5,12,0
1565,0,0,1,0,12,15
1566,1,1,2,3,42,31
1567,0,0,0,0,0,10
1568,1,3,3,24,3,13
1569,1,1,0,1,0,1
1570,0,0,0,0,0,14
1571,1,0,0,3,7,9
1572,1,3,4,8,27,7
1573,0,0,4,0,5,11
1574,2,4,0,3,0,0
1575,0,0,0,0,0,12
1576,1,2,1,1,2,0
1577,0,0,0,0,6,8
1578,0,3,3,7,9,1
1579,2,3,4,14,5,0
1580,1,5,2,34,10,0
1581,0,0,2,0,4,6
1582,0,0,6,0,12,0
1583,0,0,0,3,3,3
1584,2,1,0,1,0,11
1585,1,1,0,4,0,6
1586,2,0,1,13,3,13
1587,0,1,1,2,2,1
1588,1,2,1,35,7,40
1589,1,1,6,19,11,39
1590,1,2,4,3,2,0
1591,0,0,2,0,1,0
1592,1,2,0,21,0,7
1593,0,0,0,0,0,24
1594,0,0,0,0,0,0
1595,2,3,2,30,11,0
1596,1,4,6,6,0,0
1597,1,0,0,7,5,10
1598,2,4,0,7,0,0
1599,1,3,1,6,5,19
1600,0,0,1,0,9,0
1601,0,0,0,0,0,0
1602,2,1,0,19,0,10
1603,1,0,2,4,2,6
1604,1,1,1,4,7,25
1605,2,0,0,13,0,20
1606,1,3,0,9,0,19
1607,0,0,2,0,18,16
1608,0,2,2,2,3,0
1609,0,3,3,10,13,3
1610,2,3,0,2,0,17
1611,1,5,3,10,6,0
1612,0,0,1,0,18,20
1613,0,0,1,0,6,20
1614,0,0,4,0,7,14
1615,2,5,1,12,9,5
1616,0,0,0,0,0,0
1617,1,2,1,5,10,7
1618,0,0,5,0,7,0
1619,0,0,0,0,0,9
1620,0,1,1,1,2,1
1621,0,1,1,3,6,4
1622,0,2,2,4,3,0
1623,1,2,1,4,2,4
1624,0,0,7,0,6,0
1625,0,0,0,0,0,0
1626,1,9,3,3,6,3
1627,1,3,1,1,4,0
1628,0,0,5,0,18,0
1629,1,1,2,0,3,1
1630,3,1,0,0,0,8
1631,0,0,0,0,0,0
1632,0,0,0,0,3,3
1633,2,2,3,8,0,43
1634,0,0,1,0,7,8
1635,1,1,3,8,4,9
1636,2,2,3,7,3,0
1637,2,1,0,22,0,21
1638,1,1,2,8,13,5
1639,1,3,2,4,5,1
1640,2,6,0,1,0,0
1641,2,1,0,0,1,1
1642,1,1,6,1,1,10
1643,0,3,3,4,4,0
1644,0,4,4,15,26,19
1645,1,2,1,0,0,0
1646,2,2,0,6,0,10
1647,0,0,5,0,0,0
1648,0,0,0,0,0,0
1649,1,1,2,1,3,17
1650,0,2,2,4,4,1
1651,1,5,0,16,0,0
1652,1,4,0,16,0,0
1653,0,0,11,0,7,0
1654,1,2,1,3,2,9
1655,0,0,2,0,5,0
1656,1,1,1,1,4,22
1657,1,3,0,15,11,11
1658,0,0,3,0,15,13
1659,1,2,0,0,0,0
1660,0,3,3,2,2,0
1661,0,1,1,3,3,2
1662,2,7,5,15,5,0
1663,0,2,2,6,3,3
1664,1,1,1,1,6,6
1665,0,0,6,0,15,0
1666,2,0,1,2,0,2
1667,1,3,0,3,0,0
1668,2,1,2,6,3,0
1669,2,0,0,5,0,7
1670,0,3,3,1,1,0
1671,2,3,5,3,17,0
1672,2,2,1,12,13,29
1673,0,0,0,0,0,0
1674,2,7,0,35,0,0
1675,1,2,1,9,1,12
1676,0,1,1,2,2,0
1677,1,0,0,1,1,2
1678,0,0,0,0,0,0
1679,0,3,3,14,12,14
1680,2,3,0,14,0,5
1681,1,1,2,0,0,0
1682,0,0,0,0,0,0
1683,0,0,0,3,3,3
1684,0,0,4,0,0,0
1685,0,0,0,0,0,0
1686,1,0,1,1,0,1
1687,1,2,4,10,10,0
1688,1,3,4,2,4,0
1689,0,0,4,0,11,24
1690,2,2,4,5,8,16
1691,1,0,1,1,4,4
1692,2,1,0,1,1,2
1693,0,0,1,0,31,0
1694,1,2,5,5,14,18
1695,0,0,3,0,1,0
1696,1,0,0,8,4,9
1697,0,0,2,0,17,12
1698,0,3,3,5,5,7
1699,2,2,2,7,3,2
1700,1,2,5,9,6,6
1701,2,0,2,21,3,21
1702,2,1,1,0,0,0
1703,2,0,0,18,0,18
1704,1,6,5,29,23,3
1705,1,2,0,8,0,10
1706,0,0,0,0,0,5
1707,0,3,3,1,1,0
1708,1,1,1,2,3,3
1709,0,1,1,2,1,2
1710,0,0,3,0,0,0
1711,0,5,5,5,2,4
1712,2,7,3,18,18,0
1713,0,0,0,0,0,0
1714,0,0,4,0,5,0
1715,0,0,2,0,3,12
1716,1,4,3,0,0,0
1717,1,3,0,12,0,4
1718,2,1,0,16,0,20
1719,1,0,5,3,2,3
1720,0,1,1,4,4,5
1721,1,1,0,6,5,5
1722,0,1,1,4,2,3
1723,0,2,2,5,9,12
1724,1,3,5,5,11,22
1725,0,0,0,0,0,0
1726,0,0,0,0,0,13
1727,3,2,0,1,0,3
1728,0,0,3,0,4,9
1729,3,2,0,0,0,2
1730,1,0,0,2,3,5
1731,2,2,0,19,24,24
1732,1,3,1,5,9,0
1733,0,0,2,0,27,0
1734,1,3,0,12,0,8
1735,2,2,0,2,0,1
1736,0,0,2,0,0,0
1737,0,0,0,0,0,38
1738,1,2,1,5,22,9
1739,0,0,3,0,3,5
1740,2,7,0,5,0,0
1741,1,2,1,13,19,13
1742,1,0,3,20,16,40
1743,1,5,4,8,2,0
1744,1,0,2,10,4,14
1745,2,1,0,4,0,7
1746,0,4,4,8,8,11
1747,0,2,2,1,1,0
1748,1,0,0,2,5,6
1749,1,2,1,1,2,2
1750,1,0,0,3,0,3
1751,0,0,1,0,4,4
1752,1,3,5,10,28,0
1753,2,3,4,5,9,29
1754,1,4,5,18,3,0
1755,0,0,5,0,15,0
1756,3,4,0,11,0,0
1757,2,2,0,16,0,0
1758,0,0,2,0,13,18
1759,1,2,0,7,0,8
1760,0,3,3,9,10,12
1761,1,1,1,0,3,3
1762,0,0,3,0,19,4
1763,0,0,1,0,6,5
1764,2,2,0,1,7,9
1765,0,1,1,8,9,9
1766,0,0,0,0,0,0
1767,1,2,1,1,8,0
1768,0,2,2,1,1,0
1769,1,1,1,12,28,8
1770,0,0,0,0,0,13
1771,0,0,0,0,0,12
1772,1,0,1,1,1,3
1773,0,0,5,0,1,1
1774,1,5,6,10,7,0
1775,1,2,0,10,0,10
1776,0,0,9,0,21,0
1777,1,1,2,19,11,27
1778,0,11,11,5,5,0
1779,0,0,1,0,2,2
1780,1,3,1,5,5,0
1781,1,5,4,2,3,0
1782,3,4,0,3,0,0
1783,0,4,4,4,6,0
1784,1,1,1,2,0,1
1785,2,2,0,8,0,0
1786,1,1,2,4,5,9
1787,1,3,4,3,11,1
1788,1,1,0,0,0,0
1789,1,2,2,14,5,0
1790,0,0,2,0,21,0
1791,0,0,0,0,0,4
1792,2,4,0,3,0,0
1793,0,1,1,1,2,1
1794,1,0,1,5,1,5
1795,0,3,3,2,1,0
1796,1,3,2,20,0,0
1797,2,4,0,2,0,11
1798,0,0,2,0,12,16
1799,0,0,3,0,0,0
1800,0,0,3,0,31,22
1801,2,4,0,13,0,13
1802,0,0,4,0,6,0
1803,0,1,1,4,3,3
1804,1,8,9,2,4,2
1805,1,1,1,3,2,10
1806,1,1,1,2,3,14
1807,0,2,2,3,6,5
1808,0,0,1,0,0,0
1809,2,1,0,3,0,3
1810,2,6,6,1,7,0
1811,0,3,3,1,1,0
1812,1,2,1,0,0,0
1813,0,0,0,0,0,12
1814,2,1,0,12,19,19
1815,2,2,0,9,0,0
1816,2,8,0,8,0,0
1817,0,1,1,1,1,1
1818,1,1,0,8,0,6
1819,0,0,4,0,4,9
1820,0,0,4,0,3,4
1821,1,2,0,0,0,0
1822,1,2,1,2,0,1
1823,0,2,2,37,18,28
1824,0,0,0,0,0,0
1825,0,3,3,17,17,5
1826,1,1,3,0,14,12
1827,1,1,2,2,1,2
1828,1,1,0,2,7,18
1829,1,1,1,0,1,1
1830,0,0,7,0,5,0
1831,1,0,0,5,2,6
1832,1,0,0,1,0,1
1833,0,0,6,0,10,8
1834,1,3,0,6,11,11
1835,1,1,1,4,2,1
1836,0,0,5,0,15,13
1837,2,3,0,5,0,22
1838,1,1,5,3,8,23
1839,0,0,0,0,1,1
1840,0,0,0,0,0,6
1841,0,0,0,0,0,15
1842,0,0,0,0,6,6
1843,1,1,4,0,0,0
1844,2,2,0,5,0,5
1845,2,1,0,2,0,2
1846,1,2,1,11,9,14
1847,2,11,0,12,0,0
1848,1,3,5,0,2,2
1849,0,0,0,0,0,4
1850,1,1,0,13,0,46
1851,2,3,0,6,0,15
1852,0,0,1,0,8,11
1853,0,0,2,0,33,33
1854,2,1,0,13,0,0
1855,1,2,2,6,19,0
1856,0,4,4,4,4,0
1857,1,2,4,4,16,7
1858,1,2,0,1,0,1
1859,2,9,0,52,40,40
1860,2,0,0,22,34,73
1861,1,3,0,25,0,11
1862,0,0,0,0,0,0
1863,0,0,6,0,12,10
1864,1,1,0,0,0,0
1865,1,3,0,0,0,0
1866,0,0,1,0,5,4
1867,0,3,3,6,9,5
1868,1,0,2,16,4,16
1869,0,0,4,0,12,18
1870,0,0,1,0,5,0
1871,1,1,1,0,0,0
1872,0,0,0,0,0,0
1873,1,4,2,20,5,20
1874,2,2,9,5,24,2
1875,3,0,0,32,0,62
1876,1,1,3,0,5,6
1877,1,2,1,9,13,10
1878,1,2,0,2,0,5
1879,1,4,0,10,0,6
1880,2,3,0,4,0,0
1881,1,2,0,10,13,13
1882,0,0,0,0,0,0
1883,2,3,0,9,0,4
1884,0,2,2,10,1,5
1885,0,0,5,0,22,0
1886,0,0,0,0,0,32
1887,0,2,2,3,1,0
1888,0,0,0,0,0,0
1889,0,2,2,14,9,9
1890,0,2,2,4,12,5
1891,0,2,2,2,1,0
1892,1,2,1,8,2,1
1893,1,3,2,0,0,0
1894,1,1,1,1,9,9
1895,1,3,0,14,0,19
1896,0,0,7,0,26,0
1897,0,0,0,0,0,0
1898,1,2,2,4,3,24
1899,1,1,0,0,0,0
1900,1,1,1,0,0,0
1901,2,1,0,1,0,2
1902,2,1,0,48,0,60
1903,0,0,0,0,0,15
1904,0,0,0,0,0,5
1905,2,4,0,6,0,16
1906,0,2,2,33,23,34
1907,1,3,0,4,0,2
1908,0,0,6,0,18,0
1909,0,0,6,0,19,0
1910,0,0,5,0,5,0
1911,2,3,0,4,0,2
1912,0,0,0,0,0,13
1913,1,1,3,2,10,7
1914,1,2,2,2,9,8
1915,2,0,0,2,4,7
1916,1,1,0,0,0,0
1917,2,5,0,3,0,5
1918,0,0,2,0,9,23
1919,0,0,3,0,3,0
1920,1,2,1,2,4,15
1921,0,0,1,0,1,8
1922,3,4,0,5,0,0
1923,1,1,1,0,1,1
1924,0,2,2,1,1,0
1925,1,2,0,0,0,0
1926,0,1,1,1,2,1
1927,2,2,1,21,20,0
1928,0,0,4,0,1,7
1929,1,1,1,5,1,5
1930,0,3,3,11,8,0
1931,2,1,1,0,4,2
1932,1,2,3,1,4,3
1933,2,2,1,2,4,7
1934,1,1,6,1,13,6
1935,0,0,0,0,0,0
1936,2,8,0,11,0,3
1937,2,5,0,15,0,0
1938,0,0,1,0,0,0
1939,0,0,1,0,0,0
1940,1,2,0,0,1,1
1941,1,3,2,4,1,0
1942,0,0,0,0,0,0
1943,2,4,0,3,0,0
1944,0,5,5,6,9,3
1945,1,2,1,2,2,11
1946,0,0,3,0,1,8
1947,0,0,0,0,0,0
1948,0,0,0,0,0,13
1949,0,0,0,0,0,0
1950,0,14,14,7,8,2
1951,1,1,0,5,0,3
1952,0,0,1,0,0,0
1953,0,0,0,0,0,4
1954,0,0,0,0,0,9
1955,0,0,10,0,4,0
1956,0,0,0,0,0,6
1957,1,3,4,8,2,9
1958,0,1,1,3,1,3
1959,0,0,0,0,2,2
1960,0,0,6,0,8,0
1961,1,1,3,3,10,1
1962,0,0,0,0,0,10
1963,0,0,4,0,0,24
1964,0,0,0,0,0,0
1965,1,1,0,3,4,8
1966,0,1,1,2,3,1
1967,1,1,3,0,0,0
1968,1,2,3,7,1,9
1969,1,1,2,3,27,16
1970,0,0,3,0,10,11
1971,0,0,1,0,12,6
1972,0,0,0,0,2,2
1973,3,2,0,2,0,19
1974,3,0,0,11,0,14
1975,0,1,1,1,3,2
1976,1,2,1,3,1,4
1977,0,0,0,0,0,9
1978,0,0,2,0,1,2
1979,1,0,0,2,1,3
1980,0,0,0,0,0,0
1981,2,4,1,0,0,0
1982,2,2,2,4,1,0
1983,0,0,0,0,0,9
1984,1,0,0,1,1,2
1985,0,0,5,0,8,0
1986,0,0,3,0,7,8
1987,0,3,3,2,1,0
1988,0,0,0,0,0,0
1989,0,1,1,1,3,3
1990,1,1,1,7,12,11
1991,0,0,2,0,5,21
1992,0,0,1,0,12,25
1993,1,1,1,0,3,1
1994,0,4,4,1,2,0
1995,1,2,1,2,2,0
1996,0,0,0,0,0,2
1997,0,0,0,0,0,0
1998,1,5,6,14,17,12
1999,2,2,1,7,18,30
