,output
3949,4
3404,4
9033,1
6575,4
2470,4
6598,6
7990,5
6947,5
7573,5
1225,2
7773,1
6717,6
2247,2
5666,4
6373,5
6757,4
5501,6
4344,2
9977,5
3584,3
7714,4
8340,4
9255,4
7865,5
2703,4
4930,4
9556,4
1849,2
2526,5
7298,4
834,6
6767,4
6652,5
51,1
7858,5
4155,5
2093,4
7966,2
604,2
2467,6
2162,4
7196,4
9527,2
7002,4
5607,3
4770,2
5692,6
4921,3
6519,2
7420,4
9925,4
5476,5
4097,4
4535,4
9056,5
2205,5
7700,4
5124,4
7265,2
1322,5
8159,4
4597,5
4124,4
9741,2
7184,1
2792,4
9940,5
4713,4
7681,6
2585,4
1502,2
7881,4
9583,3
1617,2
9778,5
3941,4
5022,4
7592,3
635,4
7541,4
4378,4
7637,4
2701,5
8122,5
1854,4
321,1
7734,3
4211,4
160,5
2558,5
8505,5
2567,4
1922,2
5038,4
2952,4
8229,4
5987,5
1481,5
7955,5
606,4
2327,4
1629,5
8330,4
8550,4
2453,5
3011,5
960,5
9805,4
377,5
5797,5
6402,6
3796,4
1202,4
5291,2
6988,2
7659,6
6888,4
7362,5
5258,4
1007,2
7007,5
3092,6
5045,4
8374,4
844,2
6064,5
9159,2
5405,5
9074,2
3809,5
6216,4
7980,5
1956,5
4983,3
1845,2
8142,4
6826,4
67,2
20,2
3378,4
4031,4
5352,5
5270,2
1554,2
6223,6
3539,4
7048,2
4106,4
6742,4
335,5
5328,4
2264,4
1019,2
1747,4
9257,1
7045,5
5154,4
5040,4
9022,4
2684,2
6011,4
1918,4
7611,4
1764,4
5320,4
2455,4
2798,4
3911,4
4401,5
4257,5
3577,5
4813,4
1201,4
5350,1
1778,4
8949,2
704,2
7280,5
5913,4
3041,4
6570,5
2656,2
8083,5
7487,4
7494,4
9297,3
2403,2
435,3
4457,4
4284,3
6049,2
3427,5
1536,5
1062,4
3469,5
2421,5
3171,5
7453,4
7840,4
763,4
5787,2
7549,5
2920,4
593,1
1109,4
9268,6
4735,4
2721,4
3370,3
5569,1
6149,4
2125,4
5257,4
2678,6
705,1
4242,4
6394,4
853,4
7995,2
4429,5
5118,4
6089,6
7745,4
4724,4
4217,5
4529,2
3046,4
5817,2
7831,2
6680,4
592,4
6430,1
3815,6
690,2
4520,4
8982,5
6945,2
8087,5
6033,4
327,2
5017,2
8149,3
2513,5
8704,2
6619,4
3455,4
579,2
2131,4
9284,4
2916,2
7710,5
4717,6
5870,4
6591,6
3292,4
3693,4
3766,2
7472,5
1936,4
8529,2
3012,5
5006,4
6104,4
1662,2
4015,4
4661,4
1749,4
5407,4
1981,4
1194,4
1365,4
1743,4
3579,6
1731,3
7029,4
4647,4
9550,3
3868,2
7311,4
6626,2
9436,2
2840,4
4476,4
7415,4
4918,4
4294,2
8841,3
2296,5
4004,2
2712,4
9498,5
5788,4
1528,5
4645,2
9581,2
3711,2
7760,2
2888,2
2478,4
673,5
2853,2
5379,4
3075,4
2142,5
1011,4
3722,4
6939,2
5052,4
1953,3
9319,6
8495,4
8751,4
2488,5
3555,3
629,3
645,2
8273,6
236,5
4964,5
8220,2
3595,5
7016,4
5247,4
2812,2
6097,4
6530,4
6491,5
6750,2
2632,4
303,5
2818,4
4339,1
267,1
9548,6
7119,4
2018,4
3788,4
3607,4
9565,4
416,5
3859,2
7850,6
979,5
3615,5
9165,4
245,3
7437,5
4948,4
2741,4
7055,4
2031,4
954,4
4938,5
9894,4
4749,5
4768,5
8053,5
8405,6
3793,4
8038,2
8790,5
4430,2
1133,5
7082,6
4895,5
1954,3
3889,4
9844,4
8705,4
7921,6
2148,4
4060,1
1678,5
4423,2
1946,2
8649,4
8106,5
5814,6
6884,2
9891,2
282,5
7302,5
2624,1
5458,3
2542,4
4565,2
588,4
4721,5
1449,1
7389,4
4303,2
7289,4
6914,4
3177,6
590,5
7911,4
5233,4
8874,4
6666,2
5475,4
3593,5
9662,4
4065,4
7197,5
4128,4
3018,4
3976,4
5552,6
8177,4
2649,4
3399,4
2053,2
2256,6
5518,6
3721,5
9203,3
1643,5
6883,2
125,5
4298,4
596,4
7374,2
2591,4
852,4
3876,4
3405,4
8532,3
7857,4
6843,5
3387,4
8396,5
4616,2
2405,6
5676,4
9041,4
8644,4
21,4
2971,1
2098,4
3053,4
6222,4
1087,1
3828,1
8470,4
4615,5
5318,4
1781,4
6976,4
8217,4
5561,4
4595,4
9599,5
3271,6
189,5
7993,4
2763,4
9163,4
6451,4
8810,4
3824,4
1096,4
4850,4
5222,4
4484,5
8071,5
3442,4
6424,2
4558,2
5927,5
1040,2
6195,5
9835,5
774,3
9014,5
8690,4
9639,5
8732,4
1184,4
7725,2
5122,2
9421,4
6590,4
1771,4
2079,4
1952,4
8346,4
8702,5
7566,6
7575,6
8178,2
3781,4
750,4
5430,4
997,4
5172,5
4010,6
3512,6
2644,5
7683,6
9493,4
9513,2
3613,4
9650,4
4849,4
2858,5
4531,2
5314,4
8427,2
5435,6
6783,6
8312,3
4627,1
6758,2
5421,4
3454,5
6001,4
7848,4
3703,2
7828,5
4438,6
7341,5
9045,3
6371,4
9439,4
2137,5
9036,4
9533,4
7584,6
2482,4
7022,4
1784,4
5796,4
8847,5
3466,5
4589,4
6982,6
9658,3
5671,4
9395,2
5942,1
2912,2
1153,2
625,5
699,4
9474,2
4019,2
6121,1
831,2
1378,4
2448,5
1597,4
9063,4
7003,4
9570,5
5970,5
2563,3
3561,4
1038,4
216,5
4863,2
2718,6
9708,2
6623,4
1290,5
5758,4
8547,4
6437,5
4322,4
4928,5
7508,4
7097,4
2821,4
2945,4
59,4
4685,4
5467,2
5199,4
1467,4
1619,4
7650,1
7704,4
3649,3
9043,4
5481,3
1720,1
4745,6
6566,4
26,4
8682,5
5204,2
7229,2
5798,5
7709,4
1544,3
6174,4
2530,4
9608,4
6376,5
1287,5
7367,6
6188,4
8596,4
2848,4
8227,6
6820,5
1873,4
1110,4
2082,4
657,6
1690,4
7991,4
8789,2
2468,4
5353,4
4541,4
2929,4
9225,4
233,4
7953,4
4943,4
7422,6
266,4
4994,5
5708,5
5377,6
7545,4
9567,6
8703,4
5141,5
7271,4
5578,4
5313,5
3752,3
5592,5
1928,5
4933,5
9657,5
4259,4
2181,4
5138,4
6508,4
1652,1
2786,4
8226,4
2480,2
484,4
9027,4
1810,2
3843,1
807,4
4854,4
1211,5
9651,4
7018,4
4314,4
4467,2
2346,5
8589,6
2052,5
2232,5
9588,5
1759,4
6006,5
5434,4
6986,5
2258,5
1356,5
492,4
2304,4
2065,4
8019,4
9034,4
6086,5
3142,4
9037,4
3144,2
1320,5
4165,2
1218,1
9808,4
8073,2
7600,5
2759,4
7200,4
7901,5
4677,4
1779,2
8947,4
1491,4
1486,4
926,4
2043,4
8236,5
3194,2
5424,2
6610,4
7843,5
3962,3
4138,2
6863,4
4499,6
5511,4
3467,6
9537,4
5074,2
7689,4
1667,4
1021,5
8685,2
2220,5
7338,3
1596,4
1985,2
8399,4
1165,4
7031,5
1844,4
4493,4
9044,4
5383,4
2536,4
5975,4
8521,6
6302,4
7624,4
5499,5
7348,4
441,4
3161,2
1256,4
3759,4
3057,1
1099,2
7279,2
6156,4
343,5
6224,3
9201,4
6436,2
4567,2
3386,5
1914,4
1138,4
3179,4
154,5
5695,4
6535,5
594,3
551,5
7287,4
9018,6
6237,4
4320,4
8698,6
6129,4
9475,4
7477,3
7653,6
756,4
6183,6
8225,4
9105,4
9626,5
294,1
4582,4
6313,4
122,5
2485,5
7917,6
2194,1
2021,4
5608,4
8104,4
8381,4
5108,5
5768,4
8648,4
7413,4
899,5
3258,4
8611,4
9115,5
3546,4
3473,2
9236,2
1729,5
4127,5
9971,5
3111,6
4653,4
439,2
9900,4
3652,4
9991,4
486,4
8856,2
8993,4
7750,1
4963,2
8235,5
1490,3
2164,4
5534,4
8772,2
5215,2
7973,4
5766,6
638,4
2341,4
1926,4
9722,4
6587,5
9843,5
7671,3
9437,4
9283,4
2659,3
3208,1
2547,2
2289,4
3121,6
7579,5
8261,4
873,4
168,5
9040,4
5128,2
4237,2
4773,2
8778,2
7408,3
8560,2
7162,4
5771,2
4141,2
5912,5
2668,2
8774,4
3488,4
2643,4
9635,4
9205,2
1242,2
4345,5
2183,4
8410,4
349,4
8052,4
2244,6
4767,5
7961,3
4572,2
8721,3
7805,4
6023,2
1927,5
9434,4
271,5
8564,5
9890,1
2844,5
3884,5
5393,5
800,2
1637,4
2598,2
2190,2
106,5
1801,2
2939,4
9306,4
4871,4
9797,4
6740,4
9786,5
4673,6
7938,2
7954,5
7587,5
2023,4
9586,4
2370,6
7644,4
7789,4
6035,4
5621,4
5512,4
5126,2
9652,4
4327,4
6170,4
8056,4
6658,5
6459,2
7134,3
8306,2
3133,4
5441,4
3952,6
6164,6
2311,4
578,4
2850,1
1676,5
2249,6
7937,4
9824,4
3444,2
906,6
3937,4
6316,2
8563,4
4120,2
1906,2
8578,4
9241,3
1832,4
894,2
2744,2
9996,4
4475,5
9069,5
6645,2
8863,2
3665,4
2315,4
2367,3
4253,1
6601,4
6944,4
902,5
6571,6
9490,4
5632,5
6418,4
4543,2
3465,5
769,4
4757,5
8115,4
6972,4
5541,4
8733,4
3724,6
7639,5
2463,4
5595,4
219,4
4204,4
7111,4
8333,4
6971,4
7550,5
5586,3
3352,4
7597,2
3797,4
5137,5
3366,4
981,4
211,4
1835,4
8742,5
8416,6
5751,5
1379,2
2873,2
9927,4
9275,4
9336,4
1847,4
5408,4
7243,4
7187,4
1924,4
8358,4
8318,4
4039,4
3779,2
4547,4
1498,2
7013,2
6202,6
3620,2
9935,5
9046,2
6806,4
8914,2
2791,4
838,4
2351,4
4654,4
4203,4
2438,4
1458,5
7890,3
6550,2
9510,4
7664,5
9258,3
7462,4
1752,6
7645,4
6185,4
8193,4
9710,4
6881,4
4445,2
8186,4
7959,4
501,6
2233,6
2506,6
1666,4
2979,2
1315,4
3931,4
1732,6
8139,4
269,4
8061,2
6038,4
8650,4
7263,4
4901,5
5324,4
5330,2
6746,2
2056,4
1471,4
1968,4
2279,5
9829,4
1562,2
772,4
2752,5
6891,4
404,2
4549,4
3106,6
2294,4
9220,4
4796,5
8459,6
5212,6
5785,5
8069,4
1890,4
2200,4
4505,4
4710,2
141,5
6639,4
371,2
3858,2
9993,4
6676,2
7276,5
8260,4
5010,4
77,2
8173,5
8561,4
1787,1
8065,2
3139,4
2115,2
2733,2
6374,1
2562,4
1499,4
8724,4
8755,5
4665,5
4456,2
8608,5
8154,4
7347,6
3436,4
6469,6
6787,4
2841,4
9285,3
4398,4
468,5
3128,5
2034,5
6743,4
4609,4
6243,5
693,3
9865,2
5724,4
6102,4
7445,4
3683,5
6916,5
7490,4
2737,1
6132,5
5527,5
8185,5
572,4
9423,3
7629,2
1695,4
4488,2
7806,3
6635,4
3475,4
6077,5
9964,4
6967,2
1654,6
9127,3
9396,4
3074,2
7335,4
1043,4
8570,4
3808,4
4292,6
6211,5
9911,2
2374,5
6123,5
8818,5
6357,5
4908,6
6874,2
5497,4
9642,4
3354,4
7073,2
2011,5
306,4
336,4
1817,5
1024,4
488,4
723,4
2614,4
8574,4
2062,3
6600,6
3562,4
7069,2
1610,2
2870,5
9497,4
4998,4
63,6
1776,4
3692,3
914,4
4094,2
3581,4
826,4
3569,5
7176,4
5165,5
3687,4
7465,5
2959,4
3585,5
1396,5
4674,3
4304,6
7089,6
2779,4
9726,3
3909,5
6782,4
7565,5
8689,5
6031,5
7448,4
1635,4
646,4
761,4
4362,4
9582,4
3773,5
3801,2
2379,5
5342,2
1882,2
9124,4
3290,5
6631,4
3920,4
2177,5
9466,4
8586,1
3656,5
5774,3
448,4
3376,4
5897,4
4044,4
3811,2
1152,4
4404,2
6133,2
1220,2
1891,5
6146,2
2890,5
1925,4
5829,4
6781,5
6412,2
5893,4
2928,6
9522,4
4383,4
6144,2
6840,4
9814,2
1588,4
5276,4
9660,6
1414,3
5455,2
3538,2
9856,4
2626,4
5428,2
3673,1
9610,6
7079,5
7136,5
9491,4
3645,4
7754,2
1323,5
1641,5
5319,6
2883,4
7150,4
8075,4
6432,4
1298,4
7560,4
5472,1
6191,4
1881,2
3341,4
2308,4
7521,6
9521,5
8710,6
1659,2
4669,4
4884,4
4538,4
5781,5
5945,2
5635,4
5620,4
1823,2
4530,4
3001,4
775,5
3772,5
5958,4
127,4
3043,4
4809,4
6323,4
2178,2
6024,6
1374,4
1419,5
2521,4
1586,4
6095,1
9893,6
5623,2
2040,2
3750,4
762,4
6198,6
4275,4
8536,2
2551,4
8386,4
5120,5
7555,4
7242,5
2868,2
1018,4
328,4
3432,4
1495,4
9402,4
6032,4
1364,2
4633,4
5011,4
2124,4
6061,4
5360,6
7057,1
9008,2
4254,4
3381,6
2653,4
4136,2
4610,5
7158,4
451,2
4208,4
3523,4
2431,5
5940,2
270,4
1509,2
1705,4
1493,4
8933,4
4956,2
9525,5
2788,4
9981,4
6706,4
3213,2
39,5
3136,5
3447,2
1318,4
2149,5
6687,5
2980,5
5805,1
1540,2
6439,5
5167,1
2075,5
8851,4
2105,4
2456,4
5770,6
5780,4
9916,5
5050,5
9148,4
7853,4
300,2
1277,5
4498,4
5429,2
9953,2
4384,5
1402,4
5056,4
9353,5
8313,2
8490,5
7234,4
4960,4
1618,6
1401,4
1176,6
4410,5
8497,4
8539,4
5984,4
2187,4
4832,5
8097,4
3116,4
5673,1
5966,4
5525,3
1841,4
7728,2
5254,5
255,5
4759,4
3612,5
589,4
8902,4
5915,1
986,5
3576,2
6434,5
9288,4
1663,5
5972,4
3071,4
217,4
3751,4
6241,5
7657,4
8868,5
8389,5
2472,1
4775,2
4920,1
2165,4
790,5
3125,5
1430,5
5826,4
4408,4
4400,2
2946,4
5332,2
7224,1
2460,5
148,2
5304,4
6372,6
8718,4
2734,4
8274,4
7391,4
5969,1
373,6
4910,2
9335,4
3908,4
5823,4
6003,4
7877,4
1807,4
7273,4
6178,2
9099,4
5470,4
2864,5
6027,4
8706,4
5237,5
2767,5
1158,5
3430,4
5300,1
1453,4
2240,2
2447,4
2857,3
4855,2
6267,5
7319,4
8393,5
8168,2
2143,5
6853,4
7441,5
3837,4
6068,5
9234,5
6058,4
5863,2
3198,4
7512,1
6581,4
6671,4
9818,4
7665,5
9559,4
7024,5
6703,6
3700,4
5931,4
3471,4
9097,4
3678,4
4315,5
7623,6
6246,5
2015,5
1745,6
2291,4
9506,5
99,4
586,2
1701,2
5977,4
7800,2
8800,4
7410,4
4978,4
7292,4
5618,4
3119,5
2676,5
178,2
5920,2
3054,2
7852,2
203,4
9223,1
2461,2
9080,2
8375,6
8735,5
749,5
38,4
9704,2
5326,4
2855,5
3899,2
7893,5
6974,5
9188,4
3244,4
2347,2
8242,4
2879,4
6533,6
706,4
2535,4
2904,4
1060,1
5402,6
4057,4
2487,5
3829,5
3749,6
684,2
5366,5
4093,2
8189,2
13,4
2441,5
1777,4
8737,4
7230,3
6264,5
6683,4
9457,4
5843,3
8816,5
6441,5
1301,4
4680,2
9763,4
7217,4
5293,2
6498,4
1934,5
5093,6
1991,4
1799,4
6957,4
3079,4
4369,4
953,4
3242,1
8809,5
3464,4
6831,6
7669,6
7493,2
9055,4
5835,5
1542,4
1296,5
8658,5
410,5
4249,2
4370,2
8098,4
6700,4
6532,3
3022,5
716,5
4519,4
7552,5
274,4
4079,4
9092,4
4560,2
5944,4
510,3
8027,5
1839,4
6331,4
3031,1
4532,2
8453,4
2048,4
4024,4
4934,5
1587,4
7674,4
8719,4
7662,4
8793,2
8207,4
8120,6
6920,2
3636,4
1480,2
8110,4
5779,2
8411,4
9558,4
9837,6
8291,5
9961,5
9994,5
9817,4
9302,4
2254,4
1974,5
5084,4
9380,3
2533,4
4028,5
8181,5
7627,4
678,4
1198,4
6101,1
3072,2
131,4
5155,5
3234,6
2950,4
6259,6
9118,4
839,2
3631,3
6476,2
5929,2
7262,4
4295,4
5272,4
1899,4
2880,6
3326,4
3918,4
3299,5
4799,4
9524,4
8579,2
8125,2
3549,6
2123,5
6728,5
8276,5
2388,5
9174,5
2228,4
7469,4
7277,2
5756,4
887,5
4,3
2055,2
3164,4
7181,4
7907,5
4511,2
2727,2
4660,4
8001,5
5451,4
378,4
193,2
8645,4
5546,5
7942,6
5522,4
4464,2
4075,2
6962,4
3019,5
5071,4
7406,2
6823,2
473,4
7309,4
983,5
7155,1
2634,6
4043,2
4518,2
1806,4
2549,5
6295,2
9827,2
4790,4
389,2
851,4
903,5
2951,2
7891,4
9057,4
4507,4
3431,4
7225,2
1819,5
3468,5
1770,5
676,4
144,4
6529,5
1314,5
2103,4
5974,6
5605,4
3717,4
1683,4
5719,2
8054,4
8832,4
2180,4
4508,4
9543,4
9871,6
7923,4
9348,5
2835,2
7145,4
5070,5
2390,2
967,2
6239,4
230,5
8784,5
4487,4
7054,4
591,4
4847,6
917,4
5990,5
2834,4
9076,2
5981,4
2312,4
3174,4
4159,4
9192,4
7409,2
1649,4
7585,2
7821,5
2462,4
871,4
3709,4
6311,4
4008,4
1245,2
1088,5
213,2
5851,4
2051,5
5241,5
874,6
6353,4
1561,4
9748,4
964,5
9294,2
8050,6
4321,4
73,4
9388,5
3795,4
7796,6
1213,2
5067,2
9031,4
1386,2
7436,4
849,5
1416,6
7916,5
2314,6
9698,4
7376,4
9905,4
239,4
1073,3
7723,3
3173,4
3658,4
9011,4
523,5
9408,6
8824,4
2207,4
6483,4
8709,5
7011,4
3855,4
3967,4
6080,6
6965,6
1228,4
2209,4
6366,3
9399,4
1197,2
7316,5
4878,6
8610,4
4337,4
3275,6
2612,4
195,4
8797,4
793,4
563,5
6435,4
4166,4
8631,5
3153,4
1045,2
2109,4
4082,4
4443,4
6848,2
4459,6
534,2
2573,3
279,2
5359,5
1694,4
3247,4
6669,4
7929,4
1842,6
5161,5
9023,4
8438,4
2140,5
9643,5
1755,4
713,5
4196,5
7769,4
1508,4
936,5
7307,5
9697,6
424,2
4201,2
7484,4
2389,4
3410,4
7299,4
6904,5
1104,6
554,1
5616,6
9438,4
8916,2
685,4
9232,5
8904,5
3262,5
2032,4
6346,5
9038,4
7962,4
4420,4
6984,4
2009,4
8041,4
3516,4
1613,4
9221,5
7386,4
4238,4
3591,5
2671,4
7797,1
3807,5
850,4
3058,5
4283,4
7561,4
8190,4
5801,5
3398,5
5778,4
3184,5
62,2
8622,6
5321,2
6226,2
1708,5
9009,4
2529,4
3704,4
8437,6
2997,4
3542,1
8843,5
7992,3
707,2
5638,4
5312,4
7000,4
6140,2
1603,4
8051,4
6674,5
2000,4
4731,2
9318,5
3087,4
5194,3
1568,5
1782,1
7226,4
7514,2
1117,2
7152,5
7530,4
1589,5
4016,4
6697,4
5432,6
8830,2
3543,5
6354,5
4954,2
4102,4
1141,4
7593,2
9418,4
933,4
9456,4
5235,4
487,4
5231,4
2097,5
6017,4
340,4
7730,4
9544,3
7346,5
2932,4
7166,4
2823,2
5425,4
1140,4
5838,5
3006,4
3669,2
4144,2
8566,5
2361,6
3906,5
4889,1
3972,2
1944,4
9764,2
226,5
4418,2
4271,5
6433,2
6903,2
4509,1
2731,2
617,4
3799,4
990,4
9461,4
1766,4
9531,4
7259,1
5,4
393,4
5906,4
7526,4
5308,3
4194,4
3249,4
9463,4
2683,2
289,1
4573,5
5238,2
6768,4
9864,4
132,3
3308,6
6262,4
9962,4
7742,5
870,4
5619,4
6644,4
9501,4
7072,4
7102,4
4072,3
5713,6
4050,4
1432,2
5889,2
4414,4
517,5
6305,4
470,2
2995,4
1373,2
4643,2
539,4
6558,5
2903,2
6937,4
8741,5
842,4
5640,5
7672,4
1834,4
9070,4
5674,4
9870,4
8997,4
9954,1
6167,4
928,4
3662,5
9926,2
6375,4
8666,4
9930,4
7149,5
8113,5
391,4
6145,2
9131,4
9873,5
5134,2
1067,2
4002,4
9577,4
3203,4
2017,4
3587,3
2517,4
2884,6
299,4
781,2
9365,4
9716,4
5602,2
858,4
3600,5
1297,4
4700,4
9403,4
3023,4
2096,4
4163,4
5044,2
748,4
6749,1
8174,2
9140,3
2606,4
1312,2
6845,2
8356,4
2861,4
6396,4
9855,5
4251,5
9963,3
1013,2
251,4
4711,5
1345,1
9489,5
5160,2
5002,4
5956,5
3477,4
5591,5
6509,2
5917,5
4317,4
7296,5
9732,4
6390,4
4777,5
308,4
7581,2
6890,2
3667,2
375,2
8920,5
1699,2
1761,5
2768,5
7880,5
431,2
9277,4
6127,5
4236,2
1093,4
8786,2
1177,2
9083,3
8390,4
1674,5
9120,5
2838,4
8639,4
1149,1
2738,2
5576,4
1862,5
3042,6
7537,5
5473,4
922,3
4186,6
6157,2
6230,6
5588,4
8597,4
2078,2
8593,1
5094,4
2541,4
1429,4
1101,2
4494,2
9746,3
1886,4
3367,4
994,4
8162,6
5562,2
4642,2
8467,4
444,5
4763,4
8768,5
5310,4
8282,2
2271,3
7968,4
9354,6
8806,5
729,5
6,5
6897,4
1916,4
9970,2
6110,6
7554,6
4424,2
4107,2
8823,4
5554,2
9694,4
1294,6
2755,5
8867,2
8394,5
8060,2
3777,4
319,4
9861,2
1582,4
5369,4
5890,6
5412,4
1961,5
1054,4
7193,4
6539,5
9952,4
9709,4
9833,1
8758,4
3791,4
2092,2
558,2
8734,4
7694,5
7433,4
5279,2
7804,2
7546,3
7715,6
7693,4
3904,2
802,6
1489,5
6317,4
5615,4
1760,4
6678,5
6854,4
6138,4
7651,4
9908,5
3947,4
5295,4
784,4
8440,4
7927,4
583,4
326,2
7313,4
4856,4
8744,4
8486,4
4522,5
650,5
6586,4
3127,3
7159,4
6356,4
1757,2
1134,4
1464,2
1055,4
5818,4
5357,5
4009,4
1041,2
438,5
3833,4
6985,3
4026,4
2901,5
4833,2
8606,4
6649,5
2782,6
7756,4
1029,5
1450,4
7735,2
9134,5
8595,4
8765,6
1147,5
8351,4
5732,2
4670,4
8804,4
4797,6
6280,4
6771,5
1888,4
1645,2
2677,5
4764,4
2679,5
5720,4
2284,5
9168,4
675,4
8448,4
86,4
3320,2
3827,4
6730,2
9723,4
7449,1
8157,4
8472,4
2310,4
5419,2
935,4
1461,4
1648,6
801,4
9266,4
8687,6
4386,3
6454,5
5399,3
1082,2
2673,2
423,6
5507,5
9822,5
1417,2
9777,4
3864,4
1072,2
6753,4
9677,4
2566,4
9101,4
6552,4
6625,2
9530,4
9305,2
3220,4
4811,4
8297,5
7329,5
7751,5
6983,2
8552,4
9295,5
7818,5
1989,4
7332,4
1719,5
5992,3
8455,3
1980,4
1868,4
7038,4
5757,2
6450,4
5384,4
475,4
6713,4
1476,2
8929,4
2116,4
260,4
6139,4
8811,6
6954,2
9851,4
9401,2
6992,4
4510,4
6780,5
3804,4
7680,5
8270,4
7439,4
481,4
6656,4
1718,2
7444,5
533,4
5131,2
1713,5
6657,4
5585,5
75,4
2243,2
3699,5
3862,4
7207,4
212,4
6679,4
4922,1
4765,2
7701,4
9243,1
7153,4
8166,5
8556,5
123,2
3150,3
8123,2
2618,4
3151,4
6118,1
6218,5
2543,4
8466,4
671,4
7604,2
2990,5
659,4
4255,4
9446,4
6911,5
6709,6
1367,4
6252,5
7883,1
8169,2
2813,5
6584,4
2993,5
5447,2
8105,4
4816,2
5210,4
6803,5
394,5
9317,5
4442,4
483,5
3425,5
5073,5
5391,4
4605,5
6855,2
6968,5
4118,6
3877,4
9135,4
5810,4
2364,4
8964,4
3422,4
3492,4
7304,4
9523,2
2020,2
1079,4
6633,6
5129,4
5519,5
6675,4
4902,5
7498,4
8230,5
843,5
7622,4
6046,2
7144,4
4302,4
5112,4
7649,5
4323,5
6463,3
1904,4
6801,2
7268,5
1076,1
1983,2
6510,4
6873,6
4131,4
9477,1
5146,5
3915,4
9246,3
222,4
4112,4
5902,4
2953,4
1976,5
932,5
4433,5
8675,5
5442,4
1431,4
7216,4
2394,2
8018,4
6824,6
3572,2
9394,1
725,4
8179,4
3047,2
91,6
7978,5
6847,2
9184,4
6019,4
8559,2
6819,2
4140,4
9561,5
1311,4
7838,2
8887,2
4648,4
9874,4
6710,1
1439,2
8503,2
3956,4
5014,6
2186,2
3582,4
9587,4
7438,3
9252,2
1815,6
3015,5
256,4
2476,6
9123,2
8473,4
5563,4
345,4
6042,4
8388,5
6611,1
5043,2
1923,4
2500,5
9343,4
5243,2
8605,4
568,6
7275,4
8010,4
2984,4
9411,5
420,5
4502,5
3789,4
7819,5
2104,4
4861,5
8825,4
4623,3
1085,4
3706,1
8994,2
2269,5
3672,4
1897,2
1075,3
9975,2
7473,5
3733,4
8799,2
5808,4
4030,6
4023,4
3641,4
281,4
898,2
7721,4
4596,5
3786,5
6973,4
4311,5
1304,4
2947,4
9400,4
1736,4
3528,4
5777,6
9711,2
9669,4
6065,4
5707,4
3866,4
5049,5
4636,6
5280,6
7328,5
6399,4
1535,4
1793,5
6060,4
7066,4
9324,3
9121,5
3861,5
2557,5
8543,4
7040,3
8241,4
5285,5
5939,2
6172,2
9965,4
8350,2
4919,1
9161,5
2696,5
8592,4
4110,4
2259,5
7811,4
3429,2
8677,5
4585,5
9913,5
1636,5
4944,4
9355,5
5461,4
7245,4
8348,4
6106,5
8911,2
4912,4
8022,4
7397,2
6142,4
8660,4
1051,4
5657,4
1115,4
8859,4
9042,4
3158,5
5211,2
837,4
6410,4
988,2
8577,4
4222,5
1880,2
7654,4
1830,4
743,3
4083,4
7244,2
370,4
5186,3
4803,6
1144,4
3842,5
8940,2
3200,2
6896,4
9806,2
8048,4
9212,2
346,2
9182,4
4108,4
2386,4
2338,4
6830,4
4266,4
3983,4
1977,4
8449,5
9273,4
764,6
1241,2
4087,5
823,2
2555,6
9966,5
8965,5
1462,2
461,5
9047,4
2781,4
2607,4
480,5
4389,4
3050,4
3456,4
6071,6
2707,4
4296,6
2842,3
3609,4
445,4
2894,4
5959,4
3416,4
9090,5
3564,4
1098,4
7174,1
3005,2
5712,4
8924,4
6215,6
6326,6
7458,4
4692,5
4017,5
6307,4
3085,2
4191,4
1932,4
2044,4
5148,5
2359,5
3860,1
744,2
2554,2
140,4
3526,5
2604,2
291,4
7780,6
1475,5
9300,4
4885,5
3020,6
1938,5
1078,5
2754,4
1016,4
5776,5
3578,4
5816,6
7121,4
2255,3
1423,4
9406,5
8212,5
6741,4
7148,1
1669,2
2413,5
2029,2
2309,6
3857,5
1281,6
3009,4
9211,4
3126,4
1539,4
4755,4
3104,4
6490,5
6425,5
7757,3
8961,4
6546,4
262,4
5181,2
1470,6
463,5
8881,6
7173,5
6651,2
5679,4
6109,3
696,2
508,3
2277,4
6465,2
6093,4
2831,4
526,4
7030,4
6338,6
5477,3
6545,4
948,4
1340,6
8062,4
7489,4
9820,5
961,6
598,4
8301,4
4629,4
3035,6
7312,2
6401,5
23,4
2169,1
1805,4
129,6
9164,2
9809,3
890,4
9198,6
2520,2
5003,4
6406,5
9734,4
6179,4
2330,2
909,3
4286,4
4437,4
1302,4
2845,4
9431,5
3350,4
3681,4
8247,4
5532,5
6143,2
5209,4
296,5
9915,4
2722,3
4427,6
4365,5
2777,2
8343,2
352,5
9887,4
3557,4
4441,3
3210,4
3841,6
3313,4
3898,4
4117,4
9779,4
5867,4
8017,4
8507,2
7949,4
1964,5
9514,2
6147,4
7572,4
9612,4
2306,1
6325,4
9810,2
3270,6
4402,4
2735,4
8286,4
7810,4
5841,5
3597,2
8894,4
649,4
9997,4
9428,4
595,6
464,6
1687,2
2913,1
9742,1
6959,5
6809,2
3998,4
7261,5
5734,6
6723,2
7482,4
8522,5
6926,6
5403,4
700,2
7926,4
6518,4
105,5
7762,4
9841,4
9689,4
5763,4
3390,2
2973,4
1037,4
7522,2
7500,5
2466,4
5825,5
9210,2
4739,2
8248,4
5760,5
1306,4
5572,4
5170,4
4059,2
835,4
7641,5
3187,6
8487,4
5636,3
2548,4
5612,5
4604,4
2670,4
5767,3
3038,4
1036,4
6808,4
4205,4
6050,4
9338,4
3336,2
7251,5
6067,4
221,5
1451,4
1064,4
496,3
5669,4
7043,2
4390,5
2334,3
7056,4
9454,2
5174,4
6527,4
9479,4
8884,4
3519,4
3140,5
1724,4
3942,6
2217,2
1424,4
780,6
2636,4
822,4
5076,5
9460,4
9441,4
2301,4
3014,3
1965,4
5286,5
3060,5
9600,4
5088,4
5061,4
2410,5
2490,5
5230,4
1744,4
3280,6
9250,5
5980,2
818,3
9422,3
8826,4
552,5
8496,2
9668,5
3919,4
9248,2
9015,1
1529,5
9078,4
5444,4
3297,5
3219,4
2915,5
8461,4
1170,4
3107,4
1893,4
8959,5
5510,4
5139,3
3594,6
8614,4
9073,4
4584,4
5306,5
1434,2
1122,4
5910,2
4482,3
205,4
5953,4
4837,5
8504,3
9616,5
8926,5
1445,4
6952,5
5367,4
9467,2
115,4
5268,4
3944,4
1116,5
3697,5
836,5
6273,4
9442,2
14,5
4571,4
6337,6
5263,5
8508,5
6332,5
3086,2
2016,2
5622,2
7871,4
6695,4
4709,4
7631,4
8454,5
987,2
9217,4
5228,3
9471,2
2639,4
42,2
1647,2
4336,2
8316,4
5385,5
7294,5
8659,4
2590,4
1080,2
8360,4
8095,4
2992,2
8085,4
7049,4
1353,5
3307,4
4281,6
8215,4
3973,5
109,4
3580,5
6449,4
1335,5
4872,2
4869,2
8395,6
980,5
702,4
1627,6
8869,6
8436,4
4372,2
3544,5
8183,4
3501,4
3377,2
6039,2
2325,5
7095,5
9649,4
8415,5
9409,5
7032,6
4076,4
720,2
7305,2
9093,6
176,4
7301,4
2571,4
2138,5
5245,4
8855,4
6691,2
1697,4
5187,4
248,4
6105,5
6453,2
6292,2
6266,4
1644,2
6562,4
8284,4
3675,3
5923,4
1742,4
9292,5
2028,4
9186,2
5325,4
9934,6
1949,3
3968,5
938,5
7863,6
8523,2
8861,4
2430,5
6729,2
3415,5
6457,6
9270,4
4335,5
4247,5
4341,4
8672,5
2268,4
4202,2
1022,4
3459,1
616,4
4343,3
6583,1
4875,4
816,4
1030,1
1861,4
5226,4
68,4
3603,5
9089,2
3325,4
525,2
7776,4
9988,2
2688,6
4262,4
8599,4
3679,4
5520,4
8854,2
7873,4
1394,5
4957,2
5601,5
9512,4
2440,2
4415,4
8369,1
1820,4
2251,4
2382,5
7668,5
511,4
4966,3
5506,2
2322,4
7702,4
8545,4
3374,6
2252,6
1103,2
5433,5
4373,2
8463,4
5492,4
815,2
4325,4
1496,2
5647,5
9605,2
7370,1
8679,5
665,4
5411,4
9683,2
4490,2
9088,2
677,4
5294,5
1639,2
30,4
7429,4
8783,2
8295,4
5260,6
6299,4
4171,5
7350,6
6634,4
7323,4
421,5
1728,6
7538,4
3783,2
4906,2
2695,5
1650,4
4548,4
3977,4
9758,5
7131,5
5730,4
6769,2
9410,4
8896,2
5066,2
9520,2
8216,4
8708,6
7363,2
3611,4
2281,5
1336,5
3109,5
1406,4
4091,4
5871,4
2886,4
6990,4
210,4
6875,4
7360,2
1885,2
5018,5
7743,1
632,4
388,1
6540,3
5536,4
2393,6
2384,2
2652,4
5347,2
817,2
3879,3
15,2
8779,4
3388,2
4975,2
126,6
4388,1
4466,5
2195,4
877,6
3343,4
2509,4
6752,2
6856,4
9690,4
5020,5
7020,2
6485,2
8555,5
7034,3
3315,5
9731,4
661,5
7793,5
1775,6
2800,5
7143,6
1089,6
4036,4
2780,4
3348,4
8637,4
6499,4
6941,4
3627,4
4949,4
952,2
7412,2
7252,4
2954,5
2024,2
4274,3
3082,4
4042,2
7394,4
4792,6
385,4
3927,4
1056,4
9508,5
2454,4
7090,4
5900,4
5538,1
5886,4
5943,6
4172,4
3935,4
8662,4
9902,4
2111,4
9167,2
206,3
947,4
6935,2
2245,6
2584,4
2911,2
9267,6
8245,1
2396,2
3310,5
7479,4
275,2
4905,4
7799,4
1123,3
6125,4
1931,5
6909,2
5410,4
502,4
5275,4
9303,2
805,4
3261,2
9095,2
6405,2
8452,4
3975,4
6359,4
9103,5
4736,4
5264,2
8923,3
7570,4
691,2
2260,1
6653,4
8244,6
4679,4
6301,5
2199,4
8519,5
2435,5
4014,6
6312,4
5198,4
973,4
2723,4
3816,1
5792,4
5549,4
6807,4
4650,4
9678,3
3990,2
1316,5
7451,4
3004,2
8043,4
6537,2
9910,4
6388,5
6792,4
4000,4
8903,4
3182,5
8838,5
3951,6
7235,5
2354,5
755,5
4218,3
9429,4
5921,4
1192,4
8600,4
6084,5
6458,5
8921,4
9077,4
3110,4
1071,2
893,4
9433,2
2224,4
8428,2
9382,4
4766,5
5731,4
3337,2
1522,4
1704,5
9985,2
5142,4
8182,4
4077,2
3640,5
338,2
7896,4
3157,2
3318,4
931,4
3880,4
6522,2
353,6
5166,4
1768,5
9640,4
3774,4
1583,4
4357,4
7033,4
9228,4
6589,4
7695,6
9794,4
9048,4
1519,2
2086,4
8240,3
7981,4
1068,4
1404,4
5516,4
7655,4
3521,4
2156,1
1947,4
7591,4
9944,1
6963,1
3974,4
3083,5
5305,1
3301,2
6930,4
9133,4
5627,5
2937,4
9177,4
3885,3
5515,5
6190,4
8780,4
6980,5
8008,2
2219,5
7897,2
9655,2
5140,4
9143,4
7446,6
1507,2
6662,2
7920,5
4780,3
6199,4
3080,5
9801,5
5845,6
6956,4
794,5
5960,2
88,4
4461,4
2662,2
1511,2
1951,4
9146,4
5820,4
4550,5
4752,4
556,4
8656,5
2416,5
9309,5
1370,4
116,4
9717,2
1446,2
7086,5
7906,4
9636,4
9196,4
4988,4
3172,5
9968,2
908,2
3506,6
7690,2
2298,6
8078,4
3319,2
7983,2
8653,2
9967,2
5115,4
2136,4
5032,2
6242,4
8831,4
6194,4
3590,3
6707,4
7486,3
4969,4
5701,4
379,4
7529,4
112,5
9153,2
3747,4
5811,4
4453,3
3661,5
8221,6
4708,3
3728,4
9729,2
1738,4
8754,2
924,4
5271,4
3241,5
2819,2
4347,3
6568,4
2900,4
7826,2
8258,2
8046,3
8671,3
7419,4
4267,4
7067,4
8332,5
8107,4
6409,4
7186,4
3840,1
2896,2
9375,2
5877,3
1609,4
9526,4
8015,3
9254,2
5374,4
8898,4
8886,3
7696,5
4575,4
7902,2
8759,4
7232,4
2353,2
60,5
1328,5
2449,4
365,4
5505,5
6290,4
4033,4
9762,2
9502,4
3729,4
1395,5
8081,4
6825,6
513,6
1348,4
7523,4
506,1
9973,2
1907,6
3849,4
3129,2
711,6
7874,4
202,5
5864,4
7910,2
8126,4
1191,1
2605,2
7060,4
6804,4
4951,2
9150,4
8531,2
9282,2
254,5
6655,4
9628,5
3715,4
3718,4
9086,6
7115,5
128,2
6296,4
1525,4
2030,4
6285,4
3421,5
498,4
4637,3
6514,2
3986,4
447,2
3440,3
1798,4
5188,4
6210,4
1006,5
8184,4
9315,3
963,4
9358,2
9666,4
2383,4
7212,4
3207,4
9721,4
7010,4
9990,5
6534,5
9331,6
1200,5
2975,2
4313,4
9416,4
9384,2
7601,4
4888,6
8527,5
9181,4
7670,4
3720,4
2499,4
1494,4
4513,4
1126,6
7918,5
9169,4
9637,4
7006,5
7495,4
9449,4
8155,3
9006,5
4612,4
1628,4
232,4
6901,5
8067,5
9534,4
3632,4
4288,5
669,4
3163,2
3819,4
5282,5
9128,4
957,4
5012,5
3895,4
9291,4
1941,2
6461,4
4552,5
7021,4
69,4
2176,5
8281,4
8716,4
1590,3
9528,4
4555,4
6020,4
5200,4
9445,4
5567,2
8975,4
9290,2
102,2
1994,2
5696,4
3655,4
8469,4
3978,3
490,6
2112,4
7401,5
3359,2
287,5
5689,4
3029,4
3131,4
1606,4
722,5
867,4
5109,4
6822,6
6597,5
5456,4
40,4
5680,4
8171,4
1360,5
1,4
2527,1
4841,2
1848,2
6861,4
2909,2
8354,1
2866,2
9867,5
7889,5
8509,4
9987,2
5478,4
4917,5
8361,5
2120,3
3446,5
5253,5
6488,5
1884,2
1066,2
6085,2
7004,6
9749,4
9648,4
1506,4
1183,6
2493,4
6455,4
1261,4
6261,4
5772,5
3534,4
8626,4
5709,3
7418,5
5303,4
4248,2
3457,6
2805,5
9545,5
6360,2
5947,2
2336,3
8601,2
2680,4
5606,4
3450,5
4743,4
9999,5
9854,5
9432,2
3790,6
7078,2
1620,3
8743,2
5985,2
8541,4
2061,2
4970,5
311,3
4887,5
1047,4
5759,2
2484,5
9494,4
8462,1
8409,4
5427,6
3702,4
2811,4
2408,2
3588,4
5009,5
6765,5
1646,4
3566,5
3130,4
4840,6
6193,4
5879,5
1869,2
6900,5
2411,4
1773,2
3586,5
4689,2
1382,6
4746,2
8878,6
904,5
6898,5
97,4
3568,4
6846,1
9886,2
7908,4
9325,2
9676,4
7598,2
2569,6
5575,5
1575,2
2518,5
6257,2
406,2
4937,4
5065,2
1871,5
8211,4
7203,5
8280,4
2891,2
4719,6
8307,2
9132,4
7746,4
8468,2
7827,6
5919,5
3901,4
6052,5
1095,4
7466,2
5658,1
5739,4
8326,5
3708,4
5251,4
459,1
7731,5
3426,4
2682,5
5577,6
7062,4
6467,1
4214,4
5741,4
1074,2
4156,4
8517,4
3500,2
8952,4
5208,4
5503,4
2214,2
8116,4
342,4
8654,4
2230,4
3971,2
7698,4
2465,4
4896,5
4990,3
614,4
5035,5
3502,4
1143,5
7904,4
7396,4
7154,6
8623,4
1478,4
5242,4
7864,4
1039,4
6159,2
832,6
8849,2
9032,5
2077,5
3357,3
9753,4
6479,5
532,4
3851,2
7825,4
390,2
3063,4
1436,5
313,6
6119,4
7633,6
4638,2
98,4
3647,3
4377,4
8414,4
1808,4
8136,4
4622,5
8535,5
7519,5
6548,4
2851,5
3536,4
7531,2
4995,2
4151,2
3382,2
913,4
3694,2
3558,4
7605,5
992,4
2248,2
7246,4
4329,5
9613,5
6505,4
6582,2
2669,4
6062,4
241,4
1608,5
2516,2
3458,4
466,6
9462,4
9488,4
3493,4
1102,4
8829,1
8406,5
3276,1
7050,5
4958,4
5849,4
3955,2
7354,5
9684,2
5717,4
6816,5
814,4
8167,4
2740,4
5598,5
896,4
1408,2
6244,4
2216,4
3209,5
6805,2
2033,2
6130,5
9671,1
494,4
603,2
5090,4
8100,2
1915,5
1611,6
8331,4
2066,4
9098,4
2398,6
7946,5
5182,5
2213,4
1206,4
1094,5
8137,4
8985,3
1920,4
324,4
1372,3
9480,1
6250,5
1912,5
6422,4
2576,2
2064,5
819,4
7337,4
6564,3
5937,3
6667,4
5431,4
7707,6
4540,4
5529,4
5747,4
4989,1
1550,2
9644,5
7093,1
8760,2
5159,4
2469,4
146,2
1986,2
362,4
4599,4
8223,4
5083,1
2760,4
272,2
7202,6
8290,2
9760,4
2664,2
6929,4
7209,4
6987,2
7421,4
4228,5
4646,3
9781,5
5085,4
6108,6
3331,4
754,4
4706,2
1653,5
6964,4
6899,5
3785,5
778,5
1009,5
4834,4
2608,2
293,6
2906,2
9924,1
3707,5
3037,2
6103,6
623,2
8562,4
5749,4
5072,4
2090,4
9238,4
1352,2
3003,6
7365,4
4064,4
4463,4
2326,4
1440,4
521,5
4419,4
3770,4
9828,2
4695,5
2352,4
3243,6
1284,4
6525,5
1796,4
6637,4
427,5
927,4
1255,1
5485,5
9866,6
5848,5
1163,4
7238,2
7260,6
2130,2
3227,3
4011,4
9435,5
6827,6
3284,4
450,5
2685,4
5782,2
6607,4
9569,4
1164,4
4606,5
5951,2
2654,4
2006,6
2674,4
4784,1
2425,6
879,4
5157,5
4190,2
7892,4
5033,5
6734,4
3960,5
4806,5
1193,6
2184,4
3844,5
8366,5
1533,4
3017,4
1168,2
5345,3
9883,4
1867,5
426,6
889,2
846,4
2173,5
2348,2
3400,5
5339,4
4405,1
3598,4
5846,5
8538,2
1405,4
5123,5
70,1
4515,4
1843,4
4450,3
6872,3
1223,2
4350,5
3218,4
559,2
4886,2
7513,4
7114,4
1172,4
1769,4
5024,5
6648,4
3409,2
8489,4
5596,4
1838,3
355,4
7801,5
8444,4
637,5
1735,4
3775,4
4235,6
3327,2
7679,6
5847,2
7183,2
1492,4
5106,5
4829,5
246,5
4984,4
530,2
4331,4
956,4
2897,4
7388,1
2489,2
5297,6
1303,6
946,4
3470,1
1285,2
1005,5
9879,4
83,4
2719,4
2828,4
5523,4
4473,1
8937,4
4590,2
6520,5
4454,2
6526,5
8974,5
2122,4
8494,3
8336,5
6572,4
9119,4
966,6
7405,5
1350,4
3823,4
5185,6
2429,6
2231,4
5284,4
5206,4
3780,4
3839,2
1307,5
5463,5
3137,6
169,2
1804,4
2553,2
5309,4
5487,4
8020,4
3016,2
1317,4
5941,5
1171,4
9740,2
7936,2
8697,4
3328,5
7488,2
304,4
8380,6
3428,5
2083,4
1889,4
2617,5
799,4
2206,5
3985,4
7201,4
8080,6
2110,2
9486,4
2609,5
9793,4
7085,4
4199,4
7291,4
8317,3
8725,2
4099,5
2789,4
5967,5
8594,5
7577,2
7001,2
1821,2
8474,6
8163,4
8239,5
1023,2
8055,4
8960,4
9405,4
2153,3
4751,4
357,4
55,2
8268,4
6773,5
6862,4
2692,5
4913,4
7984,4
1274,4
5639,2
1216,4
10,4
8342,5
1803,5
7903,6
7492,4
6012,4
5445,4
9921,5
6276,4
6411,1
5080,4
1996,4
4723,3
3633,4
6918,4
4012,4
4662,2
6219,5
1767,5
9216,5
8479,6
3832,1
456,4
6893,6
2675,3
581,4
8796,4
4601,2
4593,4
2672,6
4177,5
5027,5
9426,5
184,4
5551,4
8420,2
1567,4
2008,2
7783,5
8013,2
2001,5
736,4
4939,4
9344,4
7470,6
7137,5
9718,4
2208,1
6906,2
8030,4
5150,2
7457,4
5803,4
9617,4
576,5
4291,5
7944,2
9919,4
7392,2
2824,4
9316,1
9857,2
2875,4
934,5
7214,4
6871,1
9787,4
2074,5
3472,2
9945,4
1601,5
1237,2
1527,5
6776,4
2991,4
1400,5
3963,4
9852,6
9831,4
80,4
876,4
8757,4
9417,4
7381,4
2898,2
5855,2
3989,4
8502,4
2515,5
7812,4
1714,4
7383,4
9541,5
9614,4
999,4
6162,4
5213,4
7829,6
7191,4
9453,2
9373,4
3028,2
1178,4
7342,4
9511,1
242,5
9984,4
1955,5
8234,6
5656,3
897,4
607,4
8655,4
3355,2
3414,2
3872,4
164,4
507,2
3913,2
4312,4
6553,4
3257,6
4168,4
6092,3
4621,5
7807,4
9958,4
1150,4
6841,4
4728,4
1162,5
5789,2
8383,4
3420,4
7900,5
6979,6
972,1
223,5
9229,4
5587,2
9346,2
8254,1
4153,4
3945,4
8761,4
4640,1
7939,4
4881,2
5988,2
4791,2
9280,5
7781,4
5513,1
7270,6
7331,4
9653,4
7222,5
8767,4
9029,4
7749,5
6555,4
3605,6
1935,5
2586,2
3191,4
179,4
6423,2
9564,6
52,4
7770,4
4744,1
1592,5
7108,4
2756,4
6961,4
9393,4
5646,6
2339,5
5991,6
1042,6
452,4
6308,5
1514,2
6214,4
9244,2
6541,5
2407,3
2227,4
5479,4
1879,1
5171,4
2157,4
6867,2
1422,5
9412,5
3253,4
4137,2
7976,4
1833,4
8417,4
7237,2
4098,2
5909,5
8147,2
4359,4
7485,2
1552,5
9931,5
599,2
7989,4
9114,4
3984,5
4403,2
907,2
331,4
1877,4
4625,6
7835,4
5644,4
3490,5
582,5
7535,4
2611,4
8764,4
2725,4
5533,4
6081,5
4193,4
765,4
4634,2
3089,4
575,3
495,4
2350,4
5409,2
7975,2
8345,4
1106,5
9122,4
7008,5
2437,4
65,1
5996,2
5121,5
5564,4
3731,2
8145,4
3760,1
6470,4
3395,3
654,2
569,2
4882,5
5098,5
7467,2
8573,5
9939,4
618,2
6099,4
4534,4
1330,4
186,4
7887,4
2974,5
4726,4
3648,2
3025,2
978,4
5386,4
5660,4
3643,2
5548,4
5957,2
3689,2
6040,4
7988,5
8747,3
2836,4
1510,4
1856,4
5728,4
7727,2
7403,5
7379,2
643,4
1305,4
443,4
54,4
3181,4
2960,5
5355,5
1229,2
1876,4
783,5
6738,4
4942,4
634,4
1908,4
862,6
9765,6
3289,5
6169,6
5542,5
6343,1
7928,2
7687,4
4559,4
8726,4
5439,5
9795,4
5288,5
7706,5
2118,4
9830,4
820,2
3570,4
4649,4
3748,4
469,4
758,3
4804,2
240,4
3745,2
9459,4
8353,5
1145,4
2874,2
6090,5
6721,4
779,5
6074,4
7426,4
8133,5
3439,2
9326,4
4053,2
3369,4
9602,2
3565,2
9899,4
7295,2
2226,4
3438,5
6008,5
1737,2
5594,5
6002,4
384,2
4725,5
564,4
4993,4
9812,5
8418,4
1156,5
3756,4
6171,4
3361,4
6996,6
3036,4
8875,4
3510,1
5358,5
8827,4
9231,1
8857,2
2459,5
4305,2
5783,2
8899,4
8587,3
9563,2
7254,4
3698,5
5486,4
9631,4
5752,4
5665,4
6160,2
9889,4
4471,6
5346,4
2998,6
8620,6
6047,2
7269,5
9802,5
4972,2
9681,4
8456,2
1957,3
322,2
4941,2
9010,2
6696,5
433,4
5672,6
2552,2
3817,4
8569,5
9691,4
9111,2
4105,4
1441,4
442,5
8426,4
3782,4
2452,4
3778,2
7019,2
5250,4
2843,2
6989,4
8634,2
5413,4
6640,4
4175,5
7195,2
3753,5
8265,4
5097,4
9312,6
542,4
8102,2
8625,4
2577,4
1878,5
5179,2
5963,2
3813,6
9611,4
7352,4
9106,4
4898,4
7042,4
9301,2
4562,2
6464,2
3887,4
8475,2
1479,4
2969,4
1971,4
7814,4
6561,2
194,4
4233,4
7894,2
2288,3
2927,4
2810,5
4095,5
92,2
5699,4
6502,5
8026,5
9414,4
574,4
3635,4
4632,2
8293,4
5348,5
4285,6
6842,4
7785,2
3463,2
6921,3
8059,4
46,5
9253,2
9420,4
9249,2
9227,3
5484,2
2820,6
9050,5
3000,4
3088,4
8476,4
1973,2
7808,4
5249,4
2511,2
1468,4
9607,4
4379,2
9130,5
7771,1
415,6
8591,3
4651,5
5715,5
1962,4
1398,4
8568,2
7170,4
5631,6
8991,4
529,2
4684,4
1898,4
4481,4
2057,2
9377,5
8839,4
6419,4
2739,4
792,1
810,6
9183,4
4385,1
6471,6
7777,4
5895,5
1711,2
9825,2
6187,1
6271,4
811,4
6925,6
5298,2
5229,4
9770,4
1337,4
9144,5
8289,5
5489,4
600,3
5885,4
3902,5
5119,5
2849,4
9452,6
1342,2
8583,2
161,5
1091,4
2646,2
1523,4
7998,4
372,4
3660,1
9895,4
2775,4
1765,3
8686,5
7172,4
3491,4
751,4
9000,4
9591,4
5269,4
3623,6
9190,4
3225,4
3870,5
1477,5
5390,5
3332,4
4946,4
6048,2
2358,4
7308,2
5894,2
4417,1
555,6
1558,4
5950,5
7257,3
8076,4
8481,4
4852,1
9504,2
1267,4
9535,4
6560,6
8928,2
621,1
163,4
1594,2
3821,6
3657,5
2342,4
8407,4
1205,4
7083,4
12,2
3705,4
3713,2
1753,2
5364,5
8773,2
5582,2
3124,4
3166,2
1247,4
6724,4
5750,2
2817,5
6255,6
3452,4
2211,4
3999,2
4925,4
8003,5
9197,2
6927,5
3769,4
3393,4
4068,4
3551,5
4293,6
2395,4
1485,2
1549,2
8835,4
8359,4
8365,4
1762,5
3575,4
9682,2
3068,4
9359,5
1741,4
4932,4
7673,2
731,2
3540,4
9568,5
7609,2
7377,4
7156,5
6247,3
7994,2
6044,5
1772,4
1214,4
4226,1
4239,3
9287,5
8464,4
1578,6
8031,4
6536,4
7092,4
1393,3
7866,4
8450,4
7868,4
8688,6
8347,4
3105,4
7666,2
3372,5
2198,6
971,6
7594,2
8720,4
4865,2
4914,4
3737,4
3734,4
7501,4
4100,4
752,4
7542,2
620,6
5583,1
5869,4
4771,1
2778,4
4225,4
8668,5
5248,4
124,5
7782,4
8918,4
8304,5
5961,1
9573,4
5558,2
4566,5
9215,5
2372,5
8590,1
2443,2
6107,4
1730,6
4173,5
5986,5
4316,4
3888,4
6574,5
1698,2
5565,5
5688,4
5755,2
1658,5
8895,4
3264,2
6559,4
8016,4
1905,2
5195,5
8325,5
9001,4
2615,2
531,4
3886,4
4449,2
8820,4
1488,4
866,5
5693,3
9030,4
3634,5
9884,5
7005,2
4862,4
4483,4
9185,5
9661,4
668,4
5930,4
1858,2
1262,2
7317,4
4823,2
1334,6
6135,2
6196,4
8412,4
5130,1
220,4
3291,4
4020,4
3259,6
6420,4
9624,4
5840,5
7130,4
2796,4
2895,5
3746,2
3287,4
6785,4
1850,4
5590,5
7932,4
9427,3
4827,5
5839,2
6641,5
7499,2
6314,5
1035,4
3723,2
584,5
9784,4
8871,4
9361,4
9728,5
1505,2
8032,4
3503,3
5543,4
612,6
1534,2
1390,5
4794,4
7996,6
9195,5
4985,4
4691,5
366,4
6253,4
6492,5
5145,5
9956,4
5005,4
8044,6
9685,4
8443,2
325,4
5299,4
8224,2
5037,2
6497,5
6736,2
4940,4
9673,4
3423,3
8315,4
3212,4
4639,2
8243,4
3024,2
259,5
9334,3
6272,4
1564,2
9016,4
8870,2
833,4
1688,6
182,1
6981,4
3449,4
719,2
950,4
1190,4
3639,4
2924,2
1452,4
5521,2
7947,4
4355,4
6347,2
4830,4
1709,4
9699,4
1995,2
9240,5
2242,5
9928,5
2942,4
674,4
4977,4
9706,2
7315,5
6057,6
6523,4
7563,4
6612,4
8516,4
7764,2
8936,4
9064,2
710,4
4195,2
519,2
6711,4
3394,5
2944,2
724,4
2434,5
4252,4
9157,4
6726,2
4500,4
5637,5
8713,4
3604,2
6333,6
6364,4
4209,2
715,2
8554,1
8862,2
5101,4
4890,5
7718,4
2917,4
1675,4
9589,5
9160,1
1421,4
918,5
9207,4
2949,4
9880,4
4455,3
2545,4
7288,4
969,2
1864,4
4537,4
6905,5
9992,3
6005,5
6516,6
16,4
8425,3
6860,3
6205,2
7844,4
3993,6
8598,4
5898,2
2698,4
886,4
6915,5
7841,4
4504,4
1259,5
3096,1
3356,4
1286,4
3959,2
8883,4
1260,2
2772,4
9166,4
9872,5
9208,2
4407,5
1794,5
9553,4
2610,5
7699,4
2193,4
7208,4
6616,4
4716,5
516,4
9035,4
3515,3
4874,4
4927,4
2793,4
8984,4
2402,4
2045,2
2966,4
3988,3
1002,2
7310,5
6789,4
6398,6
1574,3
1959,4
7703,6
1159,4
2237,3
8114,2
2801,4
9172,3
7648,4
1565,6
2976,1
544,3
4256,4
1960,4
476,4
1433,4
5482,4
567,4
7142,5
3435,5
8842,5
6866,2
7607,3
6593,4
2814,4
8840,4
9680,5
3497,2
6647,2
8275,5
9798,5
2878,2
4971,4
4066,2
1826,6
3798,4
5827,5
5375,5
5862,5
7794,2
2457,4
8893,4
9896,2
4224,5
9137,5
7758,1
9590,2
1783,4
5726,4
7870,4
6113,2
8815,2
171,2
4157,4
5031,4
5643,4
8266,2
8752,2
8278,4
2825,4
1638,4
6754,4
9484,2
5175,4
546,2
6117,4
6445,5
5580,2
5746,4
3268,4
2343,4
2266,6
8203,2
4707,1
2745,4
2192,2
6793,4
6764,4
4446,4
653,1
6166,4
4421,4
6043,4
4046,4
4356,4
8565,2
9274,1
4187,5
6378,5
9733,5
2303,4
2106,2
2693,5
9171,6
7431,5
4950,2
1756,4
6839,4
9907,2
150,2
9922,3
277,3
1581,4
1693,2
6708,4
2889,3
8439,2
688,4
2445,2
5344,5
3957,4
1026,2
6481,4
5682,5
8175,4
6494,4
3073,4
3167,5
8836,5
6712,2
2638,5
6189,5
1438,2
5857,3
3223,5
6358,2
9555,2
7705,2
4611,4
1734,5
2387,5
1792,6
9372,4
2578,4
2013,4
8009,5
6227,4
434,4
1902,4
1910,5
3091,2
5203,6
7556,4
6515,4
3389,6
4656,5
8526,4
3671,4
5938,2
493,5
1289,5
4460,2
432,2
5465,2
5054,4
4216,4
5617,4
4434,4
4624,4
1725,1
5055,2
726,4
2986,4
8093,4
1181,2
9071,4
3650,2
2724,4
5365,1
9149,4
7274,4
7146,4
6400,4
4142,4
3525,4
6500,3
215,5
7875,5
5628,4
2234,4
4667,3
6221,4
2473,4
4364,1
7123,4
4397,5
2538,4
6608,4
8033,4
5041,2
5287,2
4371,2
6628,3
2667,6
3874,4
392,4
5099,4
5440,4
6772,2
2182,4
9337,5
5327,3
7124,4
4630,1
3406,5
3193,2
3232,5
6279,4
2689,4
6592,4
1465,2
8132,5
6864,5
1671,4
7290,4
6444,2
2171,4
939,4
2753,4
43,6
3112,4
4132,4
2697,4
7511,4
9918,5
3462,4
5183,5
2832,4
358,5
6486,2
1118,4
5162,5
8391,4
9245,4
6137,6
6677,2
1160,4
3958,2
5994,4
5670,2
8992,5
1556,5
1324,5
4090,4
482,4
8222,4
6474,5
6554,2
6383,4
878,4
9664,4
3095,5
8723,6
9687,5
767,2
9989,2
8915,4
3044,2
1686,1
7336,4
8014,6
6278,4
5132,5
9087,5
9175,2
6970,4
5989,5
4188,2
3267,2
3954,6
8621,5
5807,4
5013,4
7736,4
4626,4
4301,2
8086,5
5837,6
3507,4
2377,4
2132,4
9898,4
3537,5
8540,4
9609,4
1526,4
5354,5
8263,4
5528,4
7820,2
5036,5
4821,6
5694,5
8627,4
458,2
8088,4
4167,4
5949,5
5504,4
1276,4
970,2
4503,4
7528,5
8294,6
6894,4
6969,2
2757,3
2630,4
1058,5
5553,5
61,4
3180,6
8262,5
224,2
2223,4
4923,4
5684,4
1521,4
454,2
740,2
7052,4
1332,4
1715,5
5104,5
1684,2
7580,4
2422,2
4845,4
5334,2
6270,4
7969,4
2317,6
7503,5
9834,4
1034,2
2918,4
8382,3
869,6
8738,4
6234,2
9601,2
8807,4
1551,4
9222,2
660,4
8628,4
5748,2
4227,2
3215,5
1875,5
6832,4
4289,6
360,4
2787,3
8021,1
1146,4
2751,2
7324,5
3765,1
4245,4
8460,5
418,2
782,4
119,2
1130,2
4139,6
991,4
2420,5
6283,5
9594,4
5388,4
7343,2
7772,5
276,5
2356,2
1411,4
1217,4
9415,5
6692,1
1049,1
7845,4
1945,4
2699,4
5382,4
2076,4
4867,5
4880,4
3863,4
8238,4
6868,1
139,4
2595,4
4360,4
471,4
4391,5
2135,4
1763,2
6175,2
5659,4
2290,5
4996,6
5662,4
5599,4
8419,4
1948,3
5593,4
1689,5
2872,4
9819,4
8781,4
6531,4
5135,2
2714,2
9271,2
1363,4
142,4
8385,1
5483,4
1754,2
1840,4
1346,5
7632,4
8642,2
7424,1
9949,2
3742,4
2357,4
4280,5
7417,5
135,2
2846,5
6682,4
31,5
5584,4
6638,4
522,4
4802,5
1300,4
9492,4
6124,4
9771,4
9776,4
4265,4
8693,4
8121,4
489,2
3754,2
2519,4
5042,2
2114,4
9532,4
2599,4
6153,6
5422,6
6368,4
4705,6
1901,5
6274,5
9969,3
218,5
5307,4
363,4
4436,4
3850,1
1020,3
130,4
6993,5
3185,4
2514,5
2067,4
3132,4
3120,4
6960,4
6997,4
7636,1
4795,5
9024,4
3156,4
686,3
1025,4
9017,6
3508,2
4551,2
1853,5
1679,4
989,4
1532,3
6907,2
557,6
1427,4
7924,5
3311,2
1254,6
4556,1
5800,4
7098,2
7965,2
3629,4
9363,5
929,4
3478,4
6725,4
2128,4
9724,5
71,4
3896,4
4600,4
1566,6
9700,4
4104,4
5102,2
6256,4
4613,4
5882,5
3618,5
7236,2
4842,2
6629,4
9079,4
2046,4
5019,4
5834,4
7255,2
8647,4
4147,3
4631,6
3738,4
6182,6
8604,4
5737,1
829,4
2278,6
4348,5
6393,4
8156,5
243,2
806,5
3847,4
7638,4
548,4
8948,5
7824,4
1696,2
4521,4
9179,2
7125,2
7380,2
3048,5
4146,4
2265,4
962,4
5169,2
5136,4
208,4
5023,2
787,6
8029,4
7925,1
5842,2
651,4
7729,2
8520,4
1969,2
2329,4
3835,2
429,2
3735,2
5315,4
901,3
6521,4
8387,4
1824,3
402,6
8865,4
3094,2
4891,4
6336,6
8180,2
1065,4
9790,6
8925,5
437,3
615,4
735,5
1702,6
2881,4
6604,5
8204,5
5201,3
694,4
4793,5
7454,4
6238,5
7640,4
9622,6
4048,4
8756,5
5603,4
1222,3
7867,3
6714,4
8037,4
3306,5
627,4
3064,6
1664,3
4831,4
3302,5
9313,5
6579,6
7105,4
2524,2
8950,3
3295,1
5317,1
2806,5
1970,4
6949,4
7763,3
7068,4
9796,4
788,4
7204,4
2050,2
196,4
3743,4
4581,4
2863,2
5775,1
1114,2
9574,6
692,6
158,2
753,5
397,6
27,4
3496,2
1354,5
2059,2
2378,4
5926,2
5824,6
5292,4
1265,4
6642,3
4761,2
500,2
2404,6
1258,4
111,4
1569,4
9096,4
376,5
4240,4
5901,6
1327,4
53,5
9330,2
5075,4
1524,4
2839,2
4492,2
8763,6
2948,2
6585,5
7113,5
9390,5
7061,2
9158,2
2650,2
5273,2
8457,2
2010,5
9003,4
3805,4
6344,4
1802,5
1547,5
4006,4
3196,6
2919,4
6751,4
9803,4
8430,2
1982,6
9800,4
2238,2
35,4
2428,6
7685,6
1292,6
6007,3
2451,5
3602,4
9112,4
187,6
2822,2
8373,4
9578,5
3424,6
5232,4
8717,2
6387,4
3948,5
6330,4
6232,4
8172,4
4349,2
6936,4
350,4
857,6
1553,4
6421,3
4114,4
4512,2
3230,4
8404,2
7606,4
3375,2
524,4
6021,4
7100,4
6507,5
1059,4
2439,3
9754,2
6365,5
8987,5
8607,4
1028,4
5685,4
2507,4
7753,4
7738,2
6934,4
6098,5
4968,4
7218,6
9848,2
2961,4
412,4
8288,4
5039,4
4338,2
7091,4
1758,5
7717,5
3530,5
1797,4
4340,2
8484,2
1119,4
679,4
7109,4
8035,6
3170,6
7692,4
6595,4
9389,5
2963,4
9173,5
341,4
1252,4
9226,4
7816,4
2808,1
9341,2
9156,2
5727,4
1812,5
7425,1
2602,4
8160,4
6380,2
2022,2
3316,3
2054,6
399,4
9675,5
622,5
8322,6
8128,4
9707,4
9836,4
81,4
6665,5
9013,4
7219,2
5370,2
8944,4
2492,5
664,3
8036,2
5579,4
6466,2
3592,4
3916,5
1484,2
2007,2
4997,2
403,5
85,2
8042,5
2285,4
4354,4
9847,4
2935,5
2943,4
7774,4
3056,4
7964,5
7141,2
5765,2
204,5
5908,4
1174,4
3049,4
9920,4
8791,6
3345,4
2167,5
4697,5
6834,4
7551,4
1004,4
2366,4
6737,5
1460,4
6026,5
8901,4
8305,4
6940,4
9091,5
9885,2
9804,3
6563,6
7393,4
3668,4
9350,4
3277,1
5860,6
9349,1
7935,1
2222,6
8246,5
7779,4
258,5
1602,4
9750,5
6588,3
7815,2
3625,4
718,4
3905,2
633,4
6293,4
8357,5
925,5
1459,2
1271,5
2587,5
7382,2
7972,4
859,4
1086,4
5392,4
1913,5
7576,4
9193,5
9342,4
3619,4
5062,1
2983,5
8493,6
4182,4
6828,4
3222,1
5874,2
667,4
2498,4
3148,4
8329,4
8971,6
3238,4
2491,2
7617,5
8910,4
7071,2
1361,4
9230,1
5225,2
2964,2
3323,1
8424,4
6015,4
2978,4
7895,2
4063,4
7652,4
2758,5
4270,4
5259,4
9840,4
7327,4
3814,4
9539,4
1748,4
5740,5
9419,4
147,4
7997,3
1680,3
6928,6
2633,5
7712,4
6877,4
7759,4
4258,4
1381,4
5190,4
1139,4
7198,6
9737,2
1131,5
9351,2
6977,4
1199,4
6225,5
4568,4
1057,2
2862,5
8766,2
3380,5
7564,4
7027,5
9572,4
28,5
5493,5
2262,4
4986,4
5861,5
280,1
4123,4
5769,4
3205,4
3481,5
4243,5
6999,5
2550,4
3684,5
3806,4
1790,5
9,4
6004,4
1127,4
2004,1
6849,4
5262,2
1809,6
3228,4
428,4
9269,6
3433,2
2099,2
1625,6
9584,4
8712,4
5556,4
5925,4
7761,5
4363,5
6720,2
8478,2
916,4
8150,4
1921,2
6829,2
8788,5
5821,6
6880,3
2561,4
6810,4
9615,4
2988,2
4546,6
3513,4
3272,3
3547,4
2710,1
5443,4
2349,4
6517,5
944,6
5030,5
5224,6
9259,4
6053,1
741,4
4368,2
7948,6
315,4
4772,5
4278,3
5267,5
2871,4
5702,5
2418,4
5356,4
3994,5
4263,4
1175,4
670,1
6382,4
7375,4
228,2
4277,4
1937,4
1700,4
6284,5
7471,4
5664,2
9897,5
7456,4
7390,1
8501,4
2501,4
214,5
7185,2
9505,4
6689,3
5651,6
3987,4
7116,4
9923,2
5830,2
8058,4
3358,6
6699,2
9735,4
4877,2
6705,4
4197,4
9278,4
4161,5
2036,4
3730,4
8199,2
605,4
5053,4
3314,5
7741,4
5335,4
3932,3
6207,4
2776,5
317,5
9715,6
3347,4
8876,4
3032,4
8701,3
8946,4
8771,6
4591,4
6395,5
5191,2
3494,5
7778,6
8298,4
1270,1
3027,5
602,4
2575,3
3160,4
6063,2
7986,2
2568,5
8402,4
7404,6
7249,4
8745,4
695,4
2196,4
2648,4
3820,5
6735,4
8339,2
8819,4
9176,5
1739,1
4844,3
6524,4
4022,4
2560,2
795,4
6859,4
1226,2
7044,4
4221,1
7345,4
7017,5
6297,4
2185,6
298,6
4495,4
7614,4
1209,4
316,3
7205,6
1033,4
4598,6
6632,4
7677,2
1857,4
8919,2
3178,5
7088,6
1234,5
3712,4
2436,4
7353,4
3509,4
3741,5
9839,5
8798,4
7540,5
7300,5
1444,4
4578,4
958,5
6975,2
4866,4
4395,5
2729,1
3476,5
3762,5
9002,5
1383,3
8652,6
4310,5
4129,5
1822,4
2481,4
3583,4
9443,4
8141,4
7791,4
6197,3
9339,5
6369,4
8897,4
8966,2
3304,4
4678,5
6599,6
6349,4
9450,2
1474,2
1310,5
8012,5
884,4
159,5
3845,4
5547,4
199,1
974,1
1572,4
3084,5
5907,6
6282,2
3831,4
6045,1
2141,6
6082,5
283,4
3483,4
5700,4
2642,4
4952,5
7956,4
3192,6
4758,5
7147,6
2368,4
2523,3
1454,4
1585,4
2412,2
8958,5
7443,4
3644,3
8161,6
8736,4
3626,4
4183,2
7578,6
3437,5
7813,4
9877,4
9604,4
56,4
6786,4
8196,6
8025,4
8341,4
9054,4
7227,4
2072,4
2860,4
8257,4
5873,4
1599,5
8023,2
9366,4
3518,2
180,4
2444,4
4931,1
453,5
2746,5
3688,2
4497,3
1428,2
3964,6
7616,5
3732,3
8321,5
3329,2
3511,4
4220,4
905,4
8624,2
9542,2
7553,5
2376,4
58,2
7283,4
2292,6
6620,4
6991,2
9507,5
4213,2
4976,4
3903,4
5368,4
9139,2
5999,5
2994,4
8202,5
1278,4
8164,2
8909,2
9413,2
4058,4
4212,4
9020,2
3787,4
8471,2
7285,4
549,2
8700,2
2856,4
383,2
7325,5
8546,5
5786,5
3504,4
64,5
5722,2
302,1
9629,4
3533,3
1723,4
2931,4
9481,6
5426,5
3771,5
7708,2
9379,2
1344,5
4269,4
1615,4
7355,2
855,3
1614,6
7211,4
8917,2
8676,4
5965,1
2837,5
5952,5
3221,2
1442,2
5687,2
2597,2
0,2
9369,5
4825,4
6362,2
5349,4
190,2
1081,1
8814,4
1355,4
7432,5
2537,6
6220,6
3168,1
6265,6
6887,4
2512,5
1420,2
5697,5
4517,4
7025,4
6775,4
566,4
9407,4
408,5
9503,4
3531,4
7505,6
2827,2
984,2
2770,5
2665,1
9951,2
9995,5
1120,5
4409,2
7461,4
78,6
6286,2
3349,4
2748,2
7615,5
1319,1
4641,4
8822,2
1963,4
4860,4
9296,6
9364,2
1359,2
3155,5
5234,5
6998,2
485,4
6760,3
865,2
8006,3
3078,4
2783,2
9162,5
5973,4
3303,2
9878,4
8458,2
4961,4
2926,4
2340,4
7468,4
7934,5
8588,4
5559,4
3923,4
9310,4
7909,2
6054,4
4084,5
1269,6
1482,4
1795,4
8228,2
6487,2
4979,3
9562,4
5151,4
6240,5
174,4
2154,4
7330,2
6673,4
3545,5
5573,4
4346,4
6176,2
3601,4
5378,2
680,4
7103,4
1415,4
4730,4
941,3
4143,4
565,4
6348,4
8422,5
7869,4
7628,4
8287,4
1892,4
7139,4
9224,3
6345,4
2221,5
5982,4
3340,5
286,5
3969,2
861,4
387,6
1543,4
1008,4
2274,6
1896,4
7854,2
8553,5
7364,5
3522,6
9656,4
5710,4
8109,2
6908,6
2212,4
7077,5
5453,2
9263,4
4468,4
8967,2
2307,3
8844,4
3338,4
8912,1
9180,4
93,6
2446,3
8434,2
3982,4
337,4
8158,2
3288,4
4876,4
2126,5
2107,5
3134,2
1343,5
7656,3
562,2
6513,4
4652,4
3794,4
5509,2
3883,3
1388,4
7096,5
7455,6
6083,2
3197,4
6715,2
5078,4
9322,4
1232,4
4987,2
9756,1
9332,6
6565,4
1288,4
6953,4
5220,4
4496,4
7240,2
2087,4
9328,4
4241,3
3674,4
7435,4
1623,4
9838,5
2892,2
1640,3
7724,4
2968,4
9213,3
8376,5
2508,5
5464,4
4779,4
3719,4
2774,3
7833,5
4352,5
9470,5
2914,4
1751,5
5087,4
8309,4
8143,6
1942,4
7199,2
3324,4
9766,5
3574,6
5323,4
4246,6
9603,4
455,6
4319,5
5868,1
2025,3
6551,5
9983,2
7423,5
6501,4
7256,3
2681,1
8616,6
3710,2
7400,6
9846,2
6116,4
5246,5
7387,3
6719,4
6478,4
9352,4
6892,4
7620,5
7747,1
7862,4
1940,2
5681,4
1275,4
505,2
3495,3
8848,5
4853,2
3417,5
8049,4
9397,2
7834,4
5337,2
4655,2
137,4
5691,4
1413,5
2299,5
9279,2
7081,4
8362,2
265,3
9155,4
34,4
1182,4
6136,4
7960,1
7792,5
7963,2
5113,4
6495,4
6287,5
9276,4
9850,5
4926,4
672,4
8673,2
8581,4
5008,4
9289,2
920,4
5197,4
7539,2
8005,6
6438,5
4358,4
3755,4
2641,1
3763,4
4953,4
912,4
8187,5
4333,2
7595,6
5158,2
2432,4
2907,6
7339,6
900,3
1309,4
4974,1
5604,4
6844,4
6504,2
1246,2
3651,3
6833,1
2495,5
3,2
7548,4
4232,5
5866,4
7320,6
1107,3
5311,4
4742,4
9719,4
4074,4
5077,4
2691,4
9946,4
2559,5
4003,4
8615,1
332,4
1710,2
1155,4
2042,2
7015,5
4032,3
6186,4
1295,5
7177,2
5127,4
1559,4
1829,4
2773,4
2766,4
8201,6
6797,4
4818,2
4592,4
9546,5
2987,2
3169,5
808,4
7830,5
5387,5
4101,4
7167,4
9476,4
9430,4
3498,4
3630,4
7189,4
5236,5
1048,4
968,4
9189,2
8817,4
3853,4
9780,6
7221,5
7803,4
2619,4
3321,2
785,5
36,4
1027,4
6148,4
4179,4
5853,6
1179,5
6114,4
167,5
7999,5
2600,4
881,4
5738,4
2977,5
9152,4
9654,2
6799,2
7046,5
7752,5
2151,6
2085,2
8885,4
2829,4
1418,5
2188,4
7039,1
3852,2
381,4
789,3
7567,2
9957,2
768,2
2080,4
3115,4
4583,5
2332,4
5675,4
9960,5
4081,6
6152,4
1325,2
8714,5
791,4
5555,6
1966,4
6511,4
284,4
9768,4
2556,4
3312,4
8096,5
4786,5
3229,4
9860,4
229,4
8231,4
5502,4
4164,5
2166,4
8510,4
6788,4
3914,5
3062,4
5196,6
4047,2
7766,4
8746,2
3309,1
305,3
100,4
1979,4
7395,4
8259,5
8269,2
2401,4
5828,5
2660,4
3810,4
7716,2
9596,6
2108,2
5626,4
4148,4
4835,3
8670,4
6229,4
4664,6
6685,5
3397,3
9554,6
4576,4
1061,4
7210,3
9357,4
6950,4
5574,4
8939,5
2645,4
1250,4
1326,4
2661,4
7574,5
9314,2
4815,4
4328,2
8969,2
2565,4
9345,5
9623,2
5265,4
7678,4
5057,4
4733,2
3274,6
7568,4
642,4
4666,4
6277,5
4264,2
5854,5
7009,4
3552,5
1349,5
8127,3
3322,5
4005,2
6542,2
6733,1
6690,5
351,5
1800,5
2629,4
7442,4
9129,2
3826,5
9551,5
4231,5
9745,2
8749,5
6386,4
9116,2
6693,1
2316,4
8431,2
6938,4
3252,4
6384,2
5736,3
2003,4
4924,2
1883,5
9469,4
9340,6
5466,2
5633,2
6413,4
89,2
3680,2
2938,5
7739,2
545,4
9917,4
6876,5
776,5
5048,4
5133,4
4720,1
9472,4
2905,2
3013,4
9625,3
3293,5
3360,6
2163,2
7171,5
4577,5
133,5
4698,5
175,5
9736,4
7847,5
6748,4
3379,5
6300,6
1389,4
5883,5
8034,2
503,4
2102,5
22,4
5436,3
2250,4
1084,2
8728,6
6248,4
3285,4
8144,5
6429,4
3334,2
6254,6
9701,5
8300,4
479,4
9202,4
9743,6
4618,4
6694,5
3950,2
192,5
4782,2
1412,4
3744,4
1682,1
9712,3
7943,4
1866,4
3792,4
514,4
4184,4
7358,5
9948,4
2620,2
827,4
4903,4
7361,4
7608,2
6377,4
82,4
7041,4
7416,5
9595,4
8148,5
9329,5
2321,4
9108,5
6404,2
6322,4
797,4
8753,2
3834,4
742,4
8571,4
9424,4
7303,4
7558,2
1577,6
6659,2
2197,5
3550,5
8657,4
7582,2
2267,4
74,5
1530,5
3351,4
4088,5
4176,5
3401,5
1616,6
4754,4
8072,6
7583,1
536,2
7314,2
8983,5
3776,6
7460,4
6660,4
847,2
5111,5
5351,4
9869,1
4001,5
66,6
1872,4
6000,6
9938,5
2593,4
5794,4
9738,5
6879,4
1655,4
5004,3
4704,4
3002,4
3146,4
4702,4
7590,4
1657,2
9451,5
6538,5
7872,2
5296,4
4620,4
409,2
6618,6
2540,5
4126,2
5397,4
982,4
4393,5
9464,4
6496,4
8198,4
263,3
1520,4
8352,4
8255,5
9059,2
4448,4
8906,2
5398,4
4586,6
3757,4
9321,2
9392,4
120,4
2424,4
8750,2
2295,4
8794,4
8900,1
5690,3
821,4
5143,4
7744,4
4936,2
9307,4
9519,2
7667,2
3966,4
9950,6
7028,4
7371,6
4085,5
1443,5
8640,4
8477,4
1169,2
3614,3
4579,2
4185,4
1321,2
2794,5
3081,4
5046,4
1733,1
1196,2
3714,2
6858,4
8124,4
292,4
5629,2
1634,5
4553,4
1077,4
4688,4
9500,2
6013,1
5164,2
8303,4
9060,4
4686,4
9025,5
1576,4
9398,4
3812,4
57,5
5686,2
5371,2
3265,4
1466,3
8296,4
3670,2
4425,4
5891,2
3402,2
1726,4
5995,2
8130,4
497,4
9775,6
76,2
9618,4
5329,5
1273,5
1681,4
5437,6
5922,3
697,4
8314,2
8692,4
6882,4
5450,5
3199,4
9104,6
5764,4
6818,6
430,4
5362,4
5833,6
1557,4
9333,4
3541,6
2088,2
5192,4
5336,5
4052,4
1092,4
188,4
3273,5
8111,4
8978,2
9536,4
3007,6
1571,4
6473,5
4536,4
8935,2
7950,5
9620,2
9791,5
5924,2
4054,4
6150,5
9026,1
3281,4
4133,4
4367,5
2287,6
2743,4
8435,3
9579,4
6281,4
6177,1
4027,5
1987,4
8776,5
3921,2
1248,4
9986,3
5281,5
4859,5
9974,3
1818,4
3040,5
3154,4
5028,4
9549,4
4279,6
5661,1
8977,2
8785,5
5806,5
6994,4
6249,4
8292,4
766,2
401,4
8617,2
8445,3
7087,2
334,2
8544,4
47,4
7402,4
7414,4
7571,4
9065,4
5016,2
2941,4
9360,5
777,4
6943,4
998,2
5535,4
8619,4
5859,4
9571,4
1788,6
553,5
864,5
868,4
5100,5
9696,2
7427,4
5496,2
3939,5
6602,4
6327,2
7190,4
8194,5
2736,4
407,5
2369,4
4687,5
2261,4
3930,4
2708,4
6355,2
1900,2
9842,4
7518,6
3818,5
6427,4
1685,5
7430,4
5163,4
8002,4
9371,4
2700,1
4444,4
5372,4
7915,4
1672,5
2686,2
8962,5
7447,4
4564,4
5415,5
7241,5
6885,6
1859,5
7036,5
6811,6
2996,4
5221,4
8846,5
4681,6
9465,5
8549,4
6688,5
5557,5
7661,2
4361,3
110,4
5223,4
2956,3
6852,5
7182,4
3113,4
9218,3
7905,5
4588,4
8206,2
3419,2
2982,4
2640,6
339,2
1266,3
8334,4
2397,4
7849,4
9308,4
8699,4
8408,2
2804,5
1240,4
1151,4
9194,5
8442,4
9058,2
4287,4
9901,2
7676,2
2202,4
4893,4
640,4
5711,6
8153,6
2337,2
6168,5
9499,5
663,4
9468,5
5255,5
5876,4
3286,5
9293,4
9072,4
5092,4
7483,4
2101,5
8515,4
4722,4
9914,4
2621,2
8782,5
1670,6
6363,3
6180,3
9281,4
7497,5
3162,4
4858,6
151,2
5081,4
7080,2
5530,2
3642,4
3802,5
8283,2
4668,5
2286,5
5252,4
5449,5
4982,5
2985,6
1612,4
7809,4
9272,5
6397,2
733,2
2409,4
3486,4
6091,5
6951,4
6087,4
6094,3
4817,6
1253,5
1257,5
8777,5
6681,4
3768,4
7340,6
1933,2
9789,5
7784,4
6028,5
2637,4
6352,4
4431,2
4035,4
930,5
1538,5
9039,4
5652,4
8371,5
9125,5
1789,4
2203,5
7293,2
9815,4
5611,4
8191,1
882,5
7720,4
628,4
6018,2
6034,1
114,4
7884,4
1112,5
1380,5
708,6
8889,4
7842,4
5446,4
5884,4
895,2
4762,1
9547,4
4800,4
5634,2
5015,6
5978,4
5878,2
1570,6
5706,5
2885,2
2385,5
6489,5
2958,5
921,3
2601,5
7879,5
9100,4
5955,4
2084,4
739,5
1837,5
3922,5
9473,5
8200,4
2305,4
5283,4
5914,4
5423,1
8576,4
537,4
9876,2
3487,2
9053,5
8310,4
3838,4
6800,5
197,4
7643,5
3251,2
1975,5
6122,4
648,4
2139,2
4198,4
6978,2
6755,4
2070,1
7129,2
24,5
7557,4
8970,4
3453,2
2657,2
6298,5
8272,3
2293,5
5256,4
3599,4
9903,4
520,5
8140,5
9261,4
3392,4
162,4
943,6
6756,4
290,5
101,5
8070,4
7065,4
4096,4
8108,2
1129,3
7886,5
5474,6
2908,4
6549,1
6739,4
760,2
4282,6
9959,4
4822,1
1895,4
491,4
5654,4
3103,5
5058,2
5550,4
6158,4
5301,4
7856,2
1280,4
1448,4
261,4
4261,6
8379,5
7634,6
1774,4
7977,6
687,2
4657,5
165,4
3617,4
1215,2
3214,4
1105,5
1375,5
8319,2
2362,4
18,6
2815,4
1943,4
3269,1
1703,4
9147,4
7480,2
1409,5
1563,4
9772,5
577,5
4297,4
460,2
7126,2
9386,4
2702,4
3803,4
3033,2
4663,6
1090,5
6440,4
6615,5
1173,4
1988,2
798,4
3216,2
8580,2
597,2
6886,5
8518,4
5029,5
3758,4
8888,4
2655,4
3122,4
5655,3
5677,6
9881,4
3653,5
8151,2
4462,4
153,2
5333,4
3052,5
8218,4
959,2
5471,5
253,2
